/****************************************************************************
** Resource object code
**
** Created by: The Resource Compiler for Qt version 6.11.2
**
** WARNING! All changes made in this file will be lost!
*****************************************************************************/

#ifdef _MSC_VER
// disable informational message "function ... selected for automatic inline expansion"
#pragma warning (disable: 4711)
#endif

static const unsigned char qt_resource_data[] = {
  // history.svg
  0x0,0x0,0x0,0xd6,
  0x3c,
  0x73,0x76,0x67,0x20,0x78,0x6d,0x6c,0x6e,0x73,0x3d,0x22,0x68,0x74,0x74,0x70,0x3a,
  0x2f,0x2f,0x77,0x77,0x77,0x2e,0x77,0x33,0x2e,0x6f,0x72,0x67,0x2f,0x32,0x30,0x30,
  0x30,0x2f,0x73,0x76,0x67,0x22,0x20,0x76,0x69,0x65,0x77,0x42,0x6f,0x78,0x3d,0x22,
  0x30,0x20,0x30,0x20,0x32,0x34,0x20,0x32,0x34,0x22,0x20,0x66,0x69,0x6c,0x6c,0x3d,
  0x22,0x6e,0x6f,0x6e,0x65,0x22,0x20,0x73,0x74,0x72,0x6f,0x6b,0x65,0x3d,0x22,0x23,
  0x66,0x66,0x66,0x22,0x20,0x73,0x74,0x72,0x6f,0x6b,0x65,0x2d,0x77,0x69,0x64,0x74,
  0x68,0x3d,0x22,0x31,0x2e,0x38,0x22,0x20,0x73,0x74,0x72,0x6f,0x6b,0x65,0x2d,0x6c,
  0x69,0x6e,0x65,0x63,0x61,0x70,0x3d,0x22,0x72,0x6f,0x75,0x6e,0x64,0x22,0x20,0x73,
  0x74,0x72,0x6f,0x6b,0x65,0x2d,0x6c,0x69,0x6e,0x65,0x6a,0x6f,0x69,0x6e,0x3d,0x22,
  0x72,0x6f,0x75,0x6e,0x64,0x22,0x3e,0x3c,0x70,0x61,0x74,0x68,0x20,0x64,0x3d,0x22,
  0x4d,0x34,0x20,0x31,0x30,0x61,0x38,0x20,0x38,0x20,0x30,0x20,0x31,0x20,0x31,0x20,
  0x32,0x20,0x37,0x4d,0x34,0x20,0x31,0x30,0x56,0x35,0x6d,0x30,0x20,0x35,0x68,0x35,
  0x4d,0x31,0x32,0x20,0x37,0x76,0x35,0x6c,0x33,0x20,0x32,0x22,0x2f,0x3e,0x3c,0x2f,
  0x73,0x76,0x67,0x3e,0xa,
    // play.svg
  0x0,0x0,0x0,0xd8,
  0x3c,
  0x73,0x76,0x67,0x20,0x78,0x6d,0x6c,0x6e,0x73,0x3d,0x22,0x68,0x74,0x74,0x70,0x3a,
  0x2f,0x2f,0x77,0x77,0x77,0x2e,0x77,0x33,0x2e,0x6f,0x72,0x67,0x2f,0x32,0x30,0x30,
  0x30,0x2f,0x73,0x76,0x67,0x22,0x20,0x76,0x69,0x65,0x77,0x42,0x6f,0x78,0x3d,0x22,
  0x30,0x20,0x30,0x20,0x32,0x34,0x20,0x32,0x34,0x22,0x20,0x66,0x69,0x6c,0x6c,0x3d,
  0x22,0x6e,0x6f,0x6e,0x65,0x22,0x20,0x73,0x74,0x72,0x6f,0x6b,0x65,0x3d,0x22,0x23,
  0x66,0x66,0x66,0x22,0x20,0x73,0x74,0x72,0x6f,0x6b,0x65,0x2d,0x77,0x69,0x64,0x74,
  0x68,0x3d,0x22,0x31,0x2e,0x38,0x22,0x20,0x73,0x74,0x72,0x6f,0x6b,0x65,0x2d,0x6c,
  0x69,0x6e,0x65,0x63,0x61,0x70,0x3d,0x22,0x72,0x6f,0x75,0x6e,0x64,0x22,0x20,0x73,
  0x74,0x72,0x6f,0x6b,0x65,0x2d,0x6c,0x69,0x6e,0x65,0x6a,0x6f,0x69,0x6e,0x3d,0x22,
  0x72,0x6f,0x75,0x6e,0x64,0x22,0x3e,0x3c,0x63,0x69,0x72,0x63,0x6c,0x65,0x20,0x63,
  0x78,0x3d,0x22,0x31,0x32,0x22,0x20,0x63,0x79,0x3d,0x22,0x31,0x32,0x22,0x20,0x72,
  0x3d,0x22,0x39,0x22,0x2f,0x3e,0x3c,0x70,0x61,0x74,0x68,0x20,0x64,0x3d,0x22,0x6d,
  0x31,0x30,0x20,0x38,0x20,0x36,0x20,0x34,0x2d,0x36,0x20,0x34,0x7a,0x22,0x2f,0x3e,
  0x3c,0x2f,0x73,0x76,0x67,0x3e,0xa,
    // notification-slash.svg
  0x0,0x0,0x1,0x21,
  0x3c,
  0x73,0x76,0x67,0x20,0x78,0x6d,0x6c,0x6e,0x73,0x3d,0x22,0x68,0x74,0x74,0x70,0x3a,
  0x2f,0x2f,0x77,0x77,0x77,0x2e,0x77,0x33,0x2e,0x6f,0x72,0x67,0x2f,0x32,0x30,0x30,
  0x30,0x2f,0x73,0x76,0x67,0x22,0x20,0x76,0x69,0x65,0x77,0x42,0x6f,0x78,0x3d,0x22,
  0x30,0x20,0x30,0x20,0x32,0x34,0x20,0x32,0x34,0x22,0x20,0x66,0x69,0x6c,0x6c,0x3d,
  0x22,0x6e,0x6f,0x6e,0x65,0x22,0x20,0x73,0x74,0x72,0x6f,0x6b,0x65,0x3d,0x22,0x23,
  0x66,0x66,0x66,0x22,0x20,0x73,0x74,0x72,0x6f,0x6b,0x65,0x2d,0x77,0x69,0x64,0x74,
  0x68,0x3d,0x22,0x31,0x2e,0x38,0x22,0x20,0x73,0x74,0x72,0x6f,0x6b,0x65,0x2d,0x6c,
  0x69,0x6e,0x65,0x63,0x61,0x70,0x3d,0x22,0x72,0x6f,0x75,0x6e,0x64,0x22,0x20,0x73,
  0x74,0x72,0x6f,0x6b,0x65,0x2d,0x6c,0x69,0x6e,0x65,0x6a,0x6f,0x69,0x6e,0x3d,0x22,
  0x72,0x6f,0x75,0x6e,0x64,0x22,0x3e,0x3c,0x70,0x61,0x74,0x68,0x20,0x64,0x3d,0x22,
  0x4d,0x31,0x38,0x20,0x38,0x41,0x36,0x20,0x36,0x20,0x30,0x20,0x30,0x20,0x30,0x20,
  0x36,0x20,0x38,0x63,0x30,0x20,0x37,0x2d,0x33,0x20,0x39,0x2d,0x33,0x20,0x39,0x68,
  0x31,0x38,0x73,0x2d,0x33,0x2d,0x32,0x2d,0x33,0x2d,0x39,0x22,0x2f,0x3e,0x3c,0x70,
  0x61,0x74,0x68,0x20,0x64,0x3d,0x22,0x4d,0x31,0x33,0x2e,0x37,0x33,0x20,0x32,0x31,
  0x61,0x32,0x20,0x32,0x20,0x30,0x20,0x30,0x20,0x31,0x2d,0x33,0x2e,0x34,0x36,0x20,
  0x30,0x22,0x2f,0x3e,0x3c,0x6c,0x69,0x6e,0x65,0x20,0x78,0x31,0x3d,0x22,0x33,0x22,
  0x20,0x79,0x31,0x3d,0x22,0x33,0x22,0x20,0x78,0x32,0x3d,0x22,0x32,0x31,0x22,0x20,
  0x79,0x32,0x3d,0x22,0x32,0x31,0x22,0x2f,0x3e,0x3c,0x2f,0x73,0x76,0x67,0x3e,0xa,
  
    // cookie.svg
  0x0,0x0,0x1,0x79,
  0x3c,
  0x73,0x76,0x67,0x20,0x78,0x6d,0x6c,0x6e,0x73,0x3d,0x22,0x68,0x74,0x74,0x70,0x3a,
  0x2f,0x2f,0x77,0x77,0x77,0x2e,0x77,0x33,0x2e,0x6f,0x72,0x67,0x2f,0x32,0x30,0x30,
  0x30,0x2f,0x73,0x76,0x67,0x22,0x20,0x76,0x69,0x65,0x77,0x42,0x6f,0x78,0x3d,0x22,
  0x30,0x20,0x30,0x20,0x32,0x34,0x20,0x32,0x34,0x22,0x20,0x66,0x69,0x6c,0x6c,0x3d,
  0x22,0x6e,0x6f,0x6e,0x65,0x22,0x20,0x73,0x74,0x72,0x6f,0x6b,0x65,0x3d,0x22,0x23,
  0x66,0x66,0x66,0x22,0x20,0x73,0x74,0x72,0x6f,0x6b,0x65,0x2d,0x77,0x69,0x64,0x74,
  0x68,0x3d,0x22,0x31,0x2e,0x38,0x22,0x20,0x73,0x74,0x72,0x6f,0x6b,0x65,0x2d,0x6c,
  0x69,0x6e,0x65,0x63,0x61,0x70,0x3d,0x22,0x72,0x6f,0x75,0x6e,0x64,0x22,0x20,0x73,
  0x74,0x72,0x6f,0x6b,0x65,0x2d,0x6c,0x69,0x6e,0x65,0x6a,0x6f,0x69,0x6e,0x3d,0x22,
  0x72,0x6f,0x75,0x6e,0x64,0x22,0x3e,0x3c,0x63,0x69,0x72,0x63,0x6c,0x65,0x20,0x63,
  0x78,0x3d,0x22,0x31,0x32,0x22,0x20,0x63,0x79,0x3d,0x22,0x31,0x32,0x22,0x20,0x72,
  0x3d,0x22,0x39,0x22,0x2f,0x3e,0x3c,0x63,0x69,0x72,0x63,0x6c,0x65,0x20,0x63,0x78,
  0x3d,0x22,0x38,0x2e,0x35,0x22,0x20,0x63,0x79,0x3d,0x22,0x38,0x2e,0x35,0x22,0x20,
  0x72,0x3d,0x22,0x31,0x2e,0x32,0x22,0x20,0x66,0x69,0x6c,0x6c,0x3d,0x22,0x23,0x66,
  0x66,0x66,0x22,0x2f,0x3e,0x3c,0x63,0x69,0x72,0x63,0x6c,0x65,0x20,0x63,0x78,0x3d,
  0x22,0x31,0x35,0x2e,0x35,0x22,0x20,0x63,0x79,0x3d,0x22,0x31,0x30,0x22,0x20,0x72,
  0x3d,0x22,0x31,0x2e,0x32,0x22,0x20,0x66,0x69,0x6c,0x6c,0x3d,0x22,0x23,0x66,0x66,
  0x66,0x22,0x2f,0x3e,0x3c,0x63,0x69,0x72,0x63,0x6c,0x65,0x20,0x63,0x78,0x3d,0x22,
  0x39,0x2e,0x35,0x22,0x20,0x63,0x79,0x3d,0x22,0x31,0x35,0x22,0x20,0x72,0x3d,0x22,
  0x31,0x2e,0x32,0x22,0x20,0x66,0x69,0x6c,0x6c,0x3d,0x22,0x23,0x66,0x66,0x66,0x22,
  0x2f,0x3e,0x3c,0x63,0x69,0x72,0x63,0x6c,0x65,0x20,0x63,0x78,0x3d,0x22,0x31,0x34,
  0x22,0x20,0x63,0x79,0x3d,0x22,0x31,0x35,0x2e,0x35,0x22,0x20,0x72,0x3d,0x22,0x31,
  0x2e,0x32,0x22,0x20,0x66,0x69,0x6c,0x6c,0x3d,0x22,0x23,0x66,0x66,0x66,0x22,0x2f,
  0x3e,0x3c,0x2f,0x73,0x76,0x67,0x3e,0xa,
    // chevron-down.svg
  0x0,0x0,0x0,0xc2,
  0x3c,
  0x73,0x76,0x67,0x20,0x78,0x6d,0x6c,0x6e,0x73,0x3d,0x22,0x68,0x74,0x74,0x70,0x3a,
  0x2f,0x2f,0x77,0x77,0x77,0x2e,0x77,0x33,0x2e,0x6f,0x72,0x67,0x2f,0x32,0x30,0x30,
  0x30,0x2f,0x73,0x76,0x67,0x22,0x20,0x76,0x69,0x65,0x77,0x42,0x6f,0x78,0x3d,0x22,
  0x30,0x20,0x30,0x20,0x32,0x34,0x20,0x32,0x34,0x22,0x20,0x66,0x69,0x6c,0x6c,0x3d,
  0x22,0x6e,0x6f,0x6e,0x65,0x22,0x20,0x73,0x74,0x72,0x6f,0x6b,0x65,0x3d,0x22,0x23,
  0x66,0x66,0x66,0x22,0x20,0x73,0x74,0x72,0x6f,0x6b,0x65,0x2d,0x77,0x69,0x64,0x74,
  0x68,0x3d,0x22,0x31,0x2e,0x38,0x22,0x20,0x73,0x74,0x72,0x6f,0x6b,0x65,0x2d,0x6c,
  0x69,0x6e,0x65,0x63,0x61,0x70,0x3d,0x22,0x72,0x6f,0x75,0x6e,0x64,0x22,0x20,0x73,
  0x74,0x72,0x6f,0x6b,0x65,0x2d,0x6c,0x69,0x6e,0x65,0x6a,0x6f,0x69,0x6e,0x3d,0x22,
  0x72,0x6f,0x75,0x6e,0x64,0x22,0x3e,0x3c,0x70,0x6f,0x6c,0x79,0x6c,0x69,0x6e,0x65,
  0x20,0x70,0x6f,0x69,0x6e,0x74,0x73,0x3d,0x22,0x36,0x20,0x39,0x20,0x31,0x32,0x20,
  0x31,0x35,0x20,0x31,0x38,0x20,0x39,0x22,0x2f,0x3e,0x3c,0x2f,0x73,0x76,0x67,0x3e,
  0xa,
    // info.svg
  0x0,0x0,0x0,0xc3,
  0x3c,
  0x73,0x76,0x67,0x20,0x78,0x6d,0x6c,0x6e,0x73,0x3d,0x22,0x68,0x74,0x74,0x70,0x3a,
  0x2f,0x2f,0x77,0x77,0x77,0x2e,0x77,0x33,0x2e,0x6f,0x72,0x67,0x2f,0x32,0x30,0x30,
  0x30,0x2f,0x73,0x76,0x67,0x22,0x20,0x76,0x69,0x65,0x77,0x42,0x6f,0x78,0x3d,0x22,
  0x30,0x20,0x30,0x20,0x32,0x34,0x20,0x32,0x34,0x22,0x20,0x66,0x69,0x6c,0x6c,0x3d,
  0x22,0x6e,0x6f,0x6e,0x65,0x22,0x20,0x73,0x74,0x72,0x6f,0x6b,0x65,0x3d,0x22,0x23,
  0x66,0x66,0x66,0x22,0x20,0x73,0x74,0x72,0x6f,0x6b,0x65,0x2d,0x77,0x69,0x64,0x74,
  0x68,0x3d,0x22,0x31,0x2e,0x38,0x22,0x20,0x73,0x74,0x72,0x6f,0x6b,0x65,0x2d,0x6c,
  0x69,0x6e,0x65,0x63,0x61,0x70,0x3d,0x22,0x72,0x6f,0x75,0x6e,0x64,0x22,0x3e,0x3c,
  0x63,0x69,0x72,0x63,0x6c,0x65,0x20,0x63,0x78,0x3d,0x22,0x31,0x32,0x22,0x20,0x63,
  0x79,0x3d,0x22,0x31,0x32,0x22,0x20,0x72,0x3d,0x22,0x39,0x22,0x2f,0x3e,0x3c,0x70,
  0x61,0x74,0x68,0x20,0x64,0x3d,0x22,0x4d,0x31,0x32,0x20,0x31,0x31,0x76,0x36,0x4d,
  0x31,0x32,0x20,0x37,0x68,0x2e,0x30,0x31,0x22,0x2f,0x3e,0x3c,0x2f,0x73,0x76,0x67,
  0x3e,0xa,
    // image-slash.svg
  0x0,0x0,0x1,0x56,
  0x3c,
  0x73,0x76,0x67,0x20,0x78,0x6d,0x6c,0x6e,0x73,0x3d,0x22,0x68,0x74,0x74,0x70,0x3a,
  0x2f,0x2f,0x77,0x77,0x77,0x2e,0x77,0x33,0x2e,0x6f,0x72,0x67,0x2f,0x32,0x30,0x30,
  0x30,0x2f,0x73,0x76,0x67,0x22,0x20,0x76,0x69,0x65,0x77,0x42,0x6f,0x78,0x3d,0x22,
  0x30,0x20,0x30,0x20,0x32,0x34,0x20,0x32,0x34,0x22,0x20,0x66,0x69,0x6c,0x6c,0x3d,
  0x22,0x6e,0x6f,0x6e,0x65,0x22,0x20,0x73,0x74,0x72,0x6f,0x6b,0x65,0x3d,0x22,0x23,
  0x66,0x66,0x66,0x22,0x20,0x73,0x74,0x72,0x6f,0x6b,0x65,0x2d,0x77,0x69,0x64,0x74,
  0x68,0x3d,0x22,0x31,0x2e,0x38,0x22,0x20,0x73,0x74,0x72,0x6f,0x6b,0x65,0x2d,0x6c,
  0x69,0x6e,0x65,0x63,0x61,0x70,0x3d,0x22,0x72,0x6f,0x75,0x6e,0x64,0x22,0x20,0x73,
  0x74,0x72,0x6f,0x6b,0x65,0x2d,0x6c,0x69,0x6e,0x65,0x6a,0x6f,0x69,0x6e,0x3d,0x22,
  0x72,0x6f,0x75,0x6e,0x64,0x22,0x3e,0x3c,0x70,0x61,0x74,0x68,0x20,0x64,0x3d,0x22,
  0x4d,0x32,0x31,0x20,0x31,0x35,0x76,0x33,0x61,0x33,0x20,0x33,0x20,0x30,0x20,0x30,
  0x20,0x31,0x2d,0x33,0x20,0x33,0x48,0x36,0x61,0x33,0x20,0x33,0x20,0x30,0x20,0x30,
  0x20,0x31,0x2d,0x33,0x2d,0x33,0x56,0x36,0x61,0x33,0x20,0x33,0x20,0x30,0x20,0x30,
  0x20,0x31,0x20,0x33,0x2d,0x33,0x68,0x33,0x22,0x2f,0x3e,0x3c,0x63,0x69,0x72,0x63,
  0x6c,0x65,0x20,0x63,0x78,0x3d,0x22,0x39,0x22,0x20,0x63,0x79,0x3d,0x22,0x39,0x22,
  0x20,0x72,0x3d,0x22,0x31,0x2e,0x35,0x22,0x2f,0x3e,0x3c,0x70,0x61,0x74,0x68,0x20,
  0x64,0x3d,0x22,0x6d,0x32,0x31,0x20,0x31,0x35,0x2d,0x34,0x2e,0x35,0x2d,0x34,0x2e,
  0x35,0x61,0x32,0x20,0x32,0x20,0x30,0x20,0x30,0x20,0x30,0x2d,0x32,0x2e,0x38,0x20,
  0x30,0x4c,0x39,0x20,0x31,0x35,0x22,0x2f,0x3e,0x3c,0x6c,0x69,0x6e,0x65,0x20,0x78,
  0x31,0x3d,0x22,0x32,0x22,0x20,0x79,0x31,0x3d,0x22,0x32,0x22,0x20,0x78,0x32,0x3d,
  0x22,0x32,0x32,0x22,0x20,0x79,0x32,0x3d,0x22,0x32,0x32,0x22,0x2f,0x3e,0x3c,0x2f,
  0x73,0x76,0x67,0x3e,0xa,
    // new-tab.svg
  0x0,0x0,0x0,0xd2,
  0x3c,
  0x73,0x76,0x67,0x20,0x78,0x6d,0x6c,0x6e,0x73,0x3d,0x22,0x68,0x74,0x74,0x70,0x3a,
  0x2f,0x2f,0x77,0x77,0x77,0x2e,0x77,0x33,0x2e,0x6f,0x72,0x67,0x2f,0x32,0x30,0x30,
  0x30,0x2f,0x73,0x76,0x67,0x22,0x20,0x76,0x69,0x65,0x77,0x42,0x6f,0x78,0x3d,0x22,
  0x30,0x20,0x30,0x20,0x32,0x34,0x20,0x32,0x34,0x22,0x20,0x66,0x69,0x6c,0x6c,0x3d,
  0x22,0x6e,0x6f,0x6e,0x65,0x22,0x20,0x73,0x74,0x72,0x6f,0x6b,0x65,0x3d,0x22,0x23,
  0x66,0x66,0x66,0x22,0x20,0x73,0x74,0x72,0x6f,0x6b,0x65,0x2d,0x77,0x69,0x64,0x74,
  0x68,0x3d,0x22,0x31,0x2e,0x38,0x22,0x20,0x73,0x74,0x72,0x6f,0x6b,0x65,0x2d,0x6c,
  0x69,0x6e,0x65,0x63,0x61,0x70,0x3d,0x22,0x72,0x6f,0x75,0x6e,0x64,0x22,0x20,0x73,
  0x74,0x72,0x6f,0x6b,0x65,0x2d,0x6c,0x69,0x6e,0x65,0x6a,0x6f,0x69,0x6e,0x3d,0x22,
  0x72,0x6f,0x75,0x6e,0x64,0x22,0x3e,0x3c,0x70,0x61,0x74,0x68,0x20,0x64,0x3d,0x22,
  0x4d,0x34,0x20,0x35,0x68,0x31,0x36,0x76,0x31,0x34,0x48,0x34,0x5a,0x22,0x2f,0x3e,
  0x3c,0x70,0x61,0x74,0x68,0x20,0x64,0x3d,0x22,0x4d,0x31,0x32,0x20,0x38,0x76,0x38,
  0x4d,0x38,0x20,0x31,0x32,0x68,0x38,0x22,0x2f,0x3e,0x3c,0x2f,0x73,0x76,0x67,0x3e,
  0xa,
    // reset.svg
  0x0,0x0,0x0,0xcb,
  0x3c,
  0x73,0x76,0x67,0x20,0x78,0x6d,0x6c,0x6e,0x73,0x3d,0x22,0x68,0x74,0x74,0x70,0x3a,
  0x2f,0x2f,0x77,0x77,0x77,0x2e,0x77,0x33,0x2e,0x6f,0x72,0x67,0x2f,0x32,0x30,0x30,
  0x30,0x2f,0x73,0x76,0x67,0x22,0x20,0x76,0x69,0x65,0x77,0x42,0x6f,0x78,0x3d,0x22,
  0x30,0x20,0x30,0x20,0x32,0x34,0x20,0x32,0x34,0x22,0x20,0x66,0x69,0x6c,0x6c,0x3d,
  0x22,0x6e,0x6f,0x6e,0x65,0x22,0x20,0x73,0x74,0x72,0x6f,0x6b,0x65,0x3d,0x22,0x23,
  0x66,0x66,0x66,0x22,0x20,0x73,0x74,0x72,0x6f,0x6b,0x65,0x2d,0x77,0x69,0x64,0x74,
  0x68,0x3d,0x22,0x31,0x2e,0x38,0x22,0x20,0x73,0x74,0x72,0x6f,0x6b,0x65,0x2d,0x6c,
  0x69,0x6e,0x65,0x63,0x61,0x70,0x3d,0x22,0x72,0x6f,0x75,0x6e,0x64,0x22,0x20,0x73,
  0x74,0x72,0x6f,0x6b,0x65,0x2d,0x6c,0x69,0x6e,0x65,0x6a,0x6f,0x69,0x6e,0x3d,0x22,
  0x72,0x6f,0x75,0x6e,0x64,0x22,0x3e,0x3c,0x70,0x61,0x74,0x68,0x20,0x64,0x3d,0x22,
  0x4d,0x34,0x20,0x31,0x30,0x61,0x38,0x20,0x38,0x20,0x30,0x20,0x31,0x20,0x31,0x20,
  0x32,0x20,0x37,0x4d,0x34,0x20,0x31,0x30,0x56,0x35,0x6d,0x30,0x20,0x35,0x68,0x35,
  0x22,0x2f,0x3e,0x3c,0x2f,0x73,0x76,0x67,0x3e,0xa,
    // tune.svg
  0x0,0x0,0x1,0x41,
  0x3c,
  0x73,0x76,0x67,0x20,0x78,0x6d,0x6c,0x6e,0x73,0x3d,0x22,0x68,0x74,0x74,0x70,0x3a,
  0x2f,0x2f,0x77,0x77,0x77,0x2e,0x77,0x33,0x2e,0x6f,0x72,0x67,0x2f,0x32,0x30,0x30,
  0x30,0x2f,0x73,0x76,0x67,0x22,0x20,0x76,0x69,0x65,0x77,0x42,0x6f,0x78,0x3d,0x22,
  0x30,0x20,0x30,0x20,0x32,0x34,0x20,0x32,0x34,0x22,0x20,0x66,0x69,0x6c,0x6c,0x3d,
  0x22,0x6e,0x6f,0x6e,0x65,0x22,0x20,0x73,0x74,0x72,0x6f,0x6b,0x65,0x3d,0x22,0x23,
  0x66,0x66,0x66,0x22,0x20,0x73,0x74,0x72,0x6f,0x6b,0x65,0x2d,0x77,0x69,0x64,0x74,
  0x68,0x3d,0x22,0x31,0x2e,0x38,0x22,0x20,0x73,0x74,0x72,0x6f,0x6b,0x65,0x2d,0x6c,
  0x69,0x6e,0x65,0x63,0x61,0x70,0x3d,0x22,0x72,0x6f,0x75,0x6e,0x64,0x22,0x20,0x73,
  0x74,0x72,0x6f,0x6b,0x65,0x2d,0x6c,0x69,0x6e,0x65,0x6a,0x6f,0x69,0x6e,0x3d,0x22,
  0x72,0x6f,0x75,0x6e,0x64,0x22,0x3e,0x3c,0x6c,0x69,0x6e,0x65,0x20,0x78,0x31,0x3d,
  0x22,0x33,0x22,0x20,0x79,0x31,0x3d,0x22,0x38,0x22,0x20,0x78,0x32,0x3d,0x22,0x32,
  0x31,0x22,0x20,0x79,0x32,0x3d,0x22,0x38,0x22,0x2f,0x3e,0x3c,0x63,0x69,0x72,0x63,
  0x6c,0x65,0x20,0x63,0x78,0x3d,0x22,0x39,0x22,0x20,0x63,0x79,0x3d,0x22,0x38,0x22,
  0x20,0x72,0x3d,0x22,0x32,0x2e,0x35,0x22,0x20,0x66,0x69,0x6c,0x6c,0x3d,0x22,0x23,
  0x66,0x66,0x66,0x22,0x2f,0x3e,0x3c,0x6c,0x69,0x6e,0x65,0x20,0x78,0x31,0x3d,0x22,
  0x33,0x22,0x20,0x79,0x31,0x3d,0x22,0x31,0x36,0x22,0x20,0x78,0x32,0x3d,0x22,0x32,
  0x31,0x22,0x20,0x79,0x32,0x3d,0x22,0x31,0x36,0x22,0x2f,0x3e,0x3c,0x63,0x69,0x72,
  0x63,0x6c,0x65,0x20,0x63,0x78,0x3d,0x22,0x31,0x35,0x22,0x20,0x63,0x79,0x3d,0x22,
  0x31,0x36,0x22,0x20,0x72,0x3d,0x22,0x32,0x2e,0x35,0x22,0x20,0x66,0x69,0x6c,0x6c,
  0x3d,0x22,0x23,0x66,0x66,0x66,0x22,0x2f,0x3e,0x3c,0x2f,0x73,0x76,0x67,0x3e,0xa,
  
    // content.svg
  0x0,0x0,0x0,0xde,
  0x3c,
  0x73,0x76,0x67,0x20,0x78,0x6d,0x6c,0x6e,0x73,0x3d,0x22,0x68,0x74,0x74,0x70,0x3a,
  0x2f,0x2f,0x77,0x77,0x77,0x2e,0x77,0x33,0x2e,0x6f,0x72,0x67,0x2f,0x32,0x30,0x30,
  0x30,0x2f,0x73,0x76,0x67,0x22,0x20,0x76,0x69,0x65,0x77,0x42,0x6f,0x78,0x3d,0x22,
  0x30,0x20,0x30,0x20,0x32,0x34,0x20,0x32,0x34,0x22,0x20,0x66,0x69,0x6c,0x6c,0x3d,
  0x22,0x6e,0x6f,0x6e,0x65,0x22,0x20,0x73,0x74,0x72,0x6f,0x6b,0x65,0x3d,0x22,0x23,
  0x66,0x66,0x66,0x22,0x20,0x73,0x74,0x72,0x6f,0x6b,0x65,0x2d,0x77,0x69,0x64,0x74,
  0x68,0x3d,0x22,0x31,0x2e,0x38,0x22,0x20,0x73,0x74,0x72,0x6f,0x6b,0x65,0x2d,0x6c,
  0x69,0x6e,0x65,0x63,0x61,0x70,0x3d,0x22,0x72,0x6f,0x75,0x6e,0x64,0x22,0x20,0x73,
  0x74,0x72,0x6f,0x6b,0x65,0x2d,0x6c,0x69,0x6e,0x65,0x6a,0x6f,0x69,0x6e,0x3d,0x22,
  0x72,0x6f,0x75,0x6e,0x64,0x22,0x3e,0x3c,0x70,0x61,0x74,0x68,0x20,0x64,0x3d,0x22,
  0x4d,0x36,0x20,0x33,0x68,0x39,0x6c,0x34,0x20,0x34,0x76,0x31,0x34,0x48,0x36,0x5a,
  0x22,0x2f,0x3e,0x3c,0x70,0x61,0x74,0x68,0x20,0x64,0x3d,0x22,0x4d,0x31,0x35,0x20,
  0x33,0x76,0x35,0x68,0x34,0x4d,0x39,0x20,0x31,0x32,0x68,0x37,0x4d,0x39,0x20,0x31,
  0x36,0x68,0x37,0x22,0x2f,0x3e,0x3c,0x2f,0x73,0x76,0x67,0x3e,0xa,
    // clock.svg
  0x0,0x0,0x0,0xd5,
  0x3c,
  0x73,0x76,0x67,0x20,0x78,0x6d,0x6c,0x6e,0x73,0x3d,0x22,0x68,0x74,0x74,0x70,0x3a,
  0x2f,0x2f,0x77,0x77,0x77,0x2e,0x77,0x33,0x2e,0x6f,0x72,0x67,0x2f,0x32,0x30,0x30,
  0x30,0x2f,0x73,0x76,0x67,0x22,0x20,0x76,0x69,0x65,0x77,0x42,0x6f,0x78,0x3d,0x22,
  0x30,0x20,0x30,0x20,0x32,0x34,0x20,0x32,0x34,0x22,0x20,0x66,0x69,0x6c,0x6c,0x3d,
  0x22,0x6e,0x6f,0x6e,0x65,0x22,0x20,0x73,0x74,0x72,0x6f,0x6b,0x65,0x3d,0x22,0x23,
  0x66,0x66,0x66,0x22,0x20,0x73,0x74,0x72,0x6f,0x6b,0x65,0x2d,0x77,0x69,0x64,0x74,
  0x68,0x3d,0x22,0x31,0x2e,0x38,0x22,0x20,0x73,0x74,0x72,0x6f,0x6b,0x65,0x2d,0x6c,
  0x69,0x6e,0x65,0x63,0x61,0x70,0x3d,0x22,0x72,0x6f,0x75,0x6e,0x64,0x22,0x20,0x73,
  0x74,0x72,0x6f,0x6b,0x65,0x2d,0x6c,0x69,0x6e,0x65,0x6a,0x6f,0x69,0x6e,0x3d,0x22,
  0x72,0x6f,0x75,0x6e,0x64,0x22,0x3e,0x3c,0x63,0x69,0x72,0x63,0x6c,0x65,0x20,0x63,
  0x78,0x3d,0x22,0x31,0x32,0x22,0x20,0x63,0x79,0x3d,0x22,0x31,0x32,0x22,0x20,0x72,
  0x3d,0x22,0x38,0x22,0x2f,0x3e,0x3c,0x70,0x61,0x74,0x68,0x20,0x64,0x3d,0x22,0x4d,
  0x31,0x32,0x20,0x37,0x76,0x35,0x6c,0x33,0x20,0x32,0x22,0x2f,0x3e,0x3c,0x2f,0x73,
  0x76,0x67,0x3e,0xa,
    // popup-slash.svg
  0x0,0x0,0x1,0x2b,
  0x3c,
  0x73,0x76,0x67,0x20,0x78,0x6d,0x6c,0x6e,0x73,0x3d,0x22,0x68,0x74,0x74,0x70,0x3a,
  0x2f,0x2f,0x77,0x77,0x77,0x2e,0x77,0x33,0x2e,0x6f,0x72,0x67,0x2f,0x32,0x30,0x30,
  0x30,0x2f,0x73,0x76,0x67,0x22,0x20,0x76,0x69,0x65,0x77,0x42,0x6f,0x78,0x3d,0x22,
  0x30,0x20,0x30,0x20,0x32,0x34,0x20,0x32,0x34,0x22,0x20,0x66,0x69,0x6c,0x6c,0x3d,
  0x22,0x6e,0x6f,0x6e,0x65,0x22,0x20,0x73,0x74,0x72,0x6f,0x6b,0x65,0x3d,0x22,0x23,
  0x66,0x66,0x66,0x22,0x20,0x73,0x74,0x72,0x6f,0x6b,0x65,0x2d,0x77,0x69,0x64,0x74,
  0x68,0x3d,0x22,0x31,0x2e,0x38,0x22,0x20,0x73,0x74,0x72,0x6f,0x6b,0x65,0x2d,0x6c,
  0x69,0x6e,0x65,0x63,0x61,0x70,0x3d,0x22,0x72,0x6f,0x75,0x6e,0x64,0x22,0x20,0x73,
  0x74,0x72,0x6f,0x6b,0x65,0x2d,0x6c,0x69,0x6e,0x65,0x6a,0x6f,0x69,0x6e,0x3d,0x22,
  0x72,0x6f,0x75,0x6e,0x64,0x22,0x3e,0x3c,0x70,0x61,0x74,0x68,0x20,0x64,0x3d,0x22,
  0x4d,0x31,0x38,0x20,0x31,0x33,0x76,0x36,0x61,0x32,0x20,0x32,0x20,0x30,0x20,0x30,
  0x20,0x31,0x2d,0x32,0x20,0x32,0x48,0x35,0x61,0x32,0x20,0x32,0x20,0x30,0x20,0x30,
  0x20,0x31,0x2d,0x32,0x2d,0x32,0x56,0x38,0x61,0x32,0x20,0x32,0x20,0x30,0x20,0x30,
  0x20,0x31,0x20,0x32,0x2d,0x32,0x68,0x36,0x22,0x2f,0x3e,0x3c,0x70,0x6f,0x6c,0x79,
  0x6c,0x69,0x6e,0x65,0x20,0x70,0x6f,0x69,0x6e,0x74,0x73,0x3d,0x22,0x31,0x35,0x20,
  0x33,0x20,0x32,0x31,0x20,0x33,0x20,0x32,0x31,0x20,0x39,0x22,0x2f,0x3e,0x3c,0x6c,
  0x69,0x6e,0x65,0x20,0x78,0x31,0x3d,0x22,0x32,0x22,0x20,0x79,0x31,0x3d,0x22,0x32,
  0x22,0x20,0x78,0x32,0x3d,0x22,0x32,0x32,0x22,0x20,0x79,0x32,0x3d,0x22,0x32,0x32,
  0x22,0x2f,0x3e,0x3c,0x2f,0x73,0x76,0x67,0x3e,0xa,
    // fonts.svg
  0x0,0x0,0x1,0x11,
  0x3c,
  0x73,0x76,0x67,0x20,0x78,0x6d,0x6c,0x6e,0x73,0x3d,0x22,0x68,0x74,0x74,0x70,0x3a,
  0x2f,0x2f,0x77,0x77,0x77,0x2e,0x77,0x33,0x2e,0x6f,0x72,0x67,0x2f,0x32,0x30,0x30,
  0x30,0x2f,0x73,0x76,0x67,0x22,0x20,0x76,0x69,0x65,0x77,0x42,0x6f,0x78,0x3d,0x22,
  0x30,0x20,0x30,0x20,0x32,0x34,0x20,0x32,0x34,0x22,0x20,0x66,0x69,0x6c,0x6c,0x3d,
  0x22,0x6e,0x6f,0x6e,0x65,0x22,0x20,0x73,0x74,0x72,0x6f,0x6b,0x65,0x3d,0x22,0x23,
  0x66,0x66,0x66,0x22,0x20,0x73,0x74,0x72,0x6f,0x6b,0x65,0x2d,0x77,0x69,0x64,0x74,
  0x68,0x3d,0x22,0x31,0x2e,0x38,0x22,0x20,0x73,0x74,0x72,0x6f,0x6b,0x65,0x2d,0x6c,
  0x69,0x6e,0x65,0x63,0x61,0x70,0x3d,0x22,0x72,0x6f,0x75,0x6e,0x64,0x22,0x20,0x73,
  0x74,0x72,0x6f,0x6b,0x65,0x2d,0x6c,0x69,0x6e,0x65,0x6a,0x6f,0x69,0x6e,0x3d,0x22,
  0x72,0x6f,0x75,0x6e,0x64,0x22,0x3e,0x3c,0x70,0x6f,0x6c,0x79,0x6c,0x69,0x6e,0x65,
  0x20,0x70,0x6f,0x69,0x6e,0x74,0x73,0x3d,0x22,0x34,0x20,0x37,0x20,0x34,0x20,0x34,
  0x20,0x32,0x30,0x20,0x34,0x20,0x32,0x30,0x20,0x37,0x22,0x2f,0x3e,0x3c,0x6c,0x69,
  0x6e,0x65,0x20,0x78,0x31,0x3d,0x22,0x39,0x22,0x20,0x79,0x31,0x3d,0x22,0x32,0x30,
  0x22,0x20,0x78,0x32,0x3d,0x22,0x31,0x35,0x22,0x20,0x79,0x32,0x3d,0x22,0x32,0x30,
  0x22,0x2f,0x3e,0x3c,0x6c,0x69,0x6e,0x65,0x20,0x78,0x31,0x3d,0x22,0x31,0x32,0x22,
  0x20,0x79,0x31,0x3d,0x22,0x34,0x22,0x20,0x78,0x32,0x3d,0x22,0x31,0x32,0x22,0x20,
  0x79,0x32,0x3d,0x22,0x32,0x30,0x22,0x2f,0x3e,0x3c,0x2f,0x73,0x76,0x67,0x3e,0xa,
  
    // cards.svg
  0x0,0x0,0x1,0x11,
  0x3c,
  0x73,0x76,0x67,0x20,0x78,0x6d,0x6c,0x6e,0x73,0x3d,0x22,0x68,0x74,0x74,0x70,0x3a,
  0x2f,0x2f,0x77,0x77,0x77,0x2e,0x77,0x33,0x2e,0x6f,0x72,0x67,0x2f,0x32,0x30,0x30,
  0x30,0x2f,0x73,0x76,0x67,0x22,0x20,0x76,0x69,0x65,0x77,0x42,0x6f,0x78,0x3d,0x22,
  0x30,0x20,0x30,0x20,0x32,0x34,0x20,0x32,0x34,0x22,0x20,0x66,0x69,0x6c,0x6c,0x3d,
  0x22,0x6e,0x6f,0x6e,0x65,0x22,0x20,0x73,0x74,0x72,0x6f,0x6b,0x65,0x3d,0x22,0x23,
  0x66,0x66,0x66,0x22,0x20,0x73,0x74,0x72,0x6f,0x6b,0x65,0x2d,0x77,0x69,0x64,0x74,
  0x68,0x3d,0x22,0x31,0x2e,0x38,0x22,0x20,0x73,0x74,0x72,0x6f,0x6b,0x65,0x2d,0x6c,
  0x69,0x6e,0x65,0x6a,0x6f,0x69,0x6e,0x3d,0x22,0x72,0x6f,0x75,0x6e,0x64,0x22,0x3e,
  0x3c,0x72,0x65,0x63,0x74,0x20,0x78,0x3d,0x22,0x33,0x22,0x20,0x79,0x3d,0x22,0x35,
  0x22,0x20,0x77,0x69,0x64,0x74,0x68,0x3d,0x22,0x38,0x22,0x20,0x68,0x65,0x69,0x67,
  0x68,0x74,0x3d,0x22,0x31,0x34,0x22,0x20,0x72,0x78,0x3d,0x22,0x32,0x22,0x2f,0x3e,
  0x3c,0x72,0x65,0x63,0x74,0x20,0x78,0x3d,0x22,0x31,0x33,0x22,0x20,0x79,0x3d,0x22,
  0x35,0x22,0x20,0x77,0x69,0x64,0x74,0x68,0x3d,0x22,0x38,0x22,0x20,0x68,0x65,0x69,
  0x67,0x68,0x74,0x3d,0x22,0x31,0x34,0x22,0x20,0x72,0x78,0x3d,0x22,0x32,0x22,0x2f,
  0x3e,0x3c,0x70,0x61,0x74,0x68,0x20,0x64,0x3d,0x22,0x4d,0x36,0x20,0x39,0x68,0x32,
  0x4d,0x31,0x36,0x20,0x39,0x68,0x32,0x4d,0x36,0x20,0x31,0x33,0x68,0x32,0x4d,0x31,
  0x36,0x20,0x31,0x33,0x68,0x32,0x22,0x2f,0x3e,0x3c,0x2f,0x73,0x76,0x67,0x3e,0xa,
  
    // minimize.svg
  0x0,0x0,0x0,0x9b,
  0x3c,
  0x73,0x76,0x67,0x20,0x78,0x6d,0x6c,0x6e,0x73,0x3d,0x22,0x68,0x74,0x74,0x70,0x3a,
  0x2f,0x2f,0x77,0x77,0x77,0x2e,0x77,0x33,0x2e,0x6f,0x72,0x67,0x2f,0x32,0x30,0x30,
  0x30,0x2f,0x73,0x76,0x67,0x22,0x20,0x76,0x69,0x65,0x77,0x42,0x6f,0x78,0x3d,0x22,
  0x30,0x20,0x30,0x20,0x32,0x34,0x20,0x32,0x34,0x22,0x20,0x66,0x69,0x6c,0x6c,0x3d,
  0x22,0x6e,0x6f,0x6e,0x65,0x22,0x20,0x73,0x74,0x72,0x6f,0x6b,0x65,0x3d,0x22,0x23,
  0x66,0x66,0x66,0x22,0x20,0x73,0x74,0x72,0x6f,0x6b,0x65,0x2d,0x77,0x69,0x64,0x74,
  0x68,0x3d,0x22,0x31,0x2e,0x38,0x22,0x20,0x73,0x74,0x72,0x6f,0x6b,0x65,0x2d,0x6c,
  0x69,0x6e,0x65,0x63,0x61,0x70,0x3d,0x22,0x72,0x6f,0x75,0x6e,0x64,0x22,0x3e,0x3c,
  0x70,0x61,0x74,0x68,0x20,0x64,0x3d,0x22,0x4d,0x35,0x20,0x31,0x37,0x68,0x31,0x34,
  0x22,0x2f,0x3e,0x3c,0x2f,0x73,0x76,0x67,0x3e,0xa,
    // popup.svg
  0x0,0x0,0x1,0x2c,
  0x3c,
  0x73,0x76,0x67,0x20,0x78,0x6d,0x6c,0x6e,0x73,0x3d,0x22,0x68,0x74,0x74,0x70,0x3a,
  0x2f,0x2f,0x77,0x77,0x77,0x2e,0x77,0x33,0x2e,0x6f,0x72,0x67,0x2f,0x32,0x30,0x30,
  0x30,0x2f,0x73,0x76,0x67,0x22,0x20,0x76,0x69,0x65,0x77,0x42,0x6f,0x78,0x3d,0x22,
  0x30,0x20,0x30,0x20,0x32,0x34,0x20,0x32,0x34,0x22,0x20,0x66,0x69,0x6c,0x6c,0x3d,
  0x22,0x6e,0x6f,0x6e,0x65,0x22,0x20,0x73,0x74,0x72,0x6f,0x6b,0x65,0x3d,0x22,0x23,
  0x66,0x66,0x66,0x22,0x20,0x73,0x74,0x72,0x6f,0x6b,0x65,0x2d,0x77,0x69,0x64,0x74,
  0x68,0x3d,0x22,0x31,0x2e,0x38,0x22,0x20,0x73,0x74,0x72,0x6f,0x6b,0x65,0x2d,0x6c,
  0x69,0x6e,0x65,0x63,0x61,0x70,0x3d,0x22,0x72,0x6f,0x75,0x6e,0x64,0x22,0x20,0x73,
  0x74,0x72,0x6f,0x6b,0x65,0x2d,0x6c,0x69,0x6e,0x65,0x6a,0x6f,0x69,0x6e,0x3d,0x22,
  0x72,0x6f,0x75,0x6e,0x64,0x22,0x3e,0x3c,0x70,0x61,0x74,0x68,0x20,0x64,0x3d,0x22,
  0x4d,0x31,0x38,0x20,0x31,0x33,0x76,0x36,0x61,0x32,0x20,0x32,0x20,0x30,0x20,0x30,
  0x20,0x31,0x2d,0x32,0x20,0x32,0x48,0x35,0x61,0x32,0x20,0x32,0x20,0x30,0x20,0x30,
  0x20,0x31,0x2d,0x32,0x2d,0x32,0x56,0x38,0x61,0x32,0x20,0x32,0x20,0x30,0x20,0x30,
  0x20,0x31,0x20,0x32,0x2d,0x32,0x68,0x36,0x22,0x2f,0x3e,0x3c,0x70,0x6f,0x6c,0x79,
  0x6c,0x69,0x6e,0x65,0x20,0x70,0x6f,0x69,0x6e,0x74,0x73,0x3d,0x22,0x31,0x35,0x20,
  0x33,0x20,0x32,0x31,0x20,0x33,0x20,0x32,0x31,0x20,0x39,0x22,0x2f,0x3e,0x3c,0x6c,
  0x69,0x6e,0x65,0x20,0x78,0x31,0x3d,0x22,0x31,0x30,0x22,0x20,0x79,0x31,0x3d,0x22,
  0x31,0x34,0x22,0x20,0x78,0x32,0x3d,0x22,0x32,0x31,0x22,0x20,0x79,0x32,0x3d,0x22,
  0x33,0x22,0x2f,0x3e,0x3c,0x2f,0x73,0x76,0x67,0x3e,0xa,
    // site-data.svg
  0x0,0x0,0x1,0x22,
  0x3c,
  0x73,0x76,0x67,0x20,0x78,0x6d,0x6c,0x6e,0x73,0x3d,0x22,0x68,0x74,0x74,0x70,0x3a,
  0x2f,0x2f,0x77,0x77,0x77,0x2e,0x77,0x33,0x2e,0x6f,0x72,0x67,0x2f,0x32,0x30,0x30,
  0x30,0x2f,0x73,0x76,0x67,0x22,0x20,0x76,0x69,0x65,0x77,0x42,0x6f,0x78,0x3d,0x22,
  0x30,0x20,0x30,0x20,0x32,0x34,0x20,0x32,0x34,0x22,0x20,0x66,0x69,0x6c,0x6c,0x3d,
  0x22,0x6e,0x6f,0x6e,0x65,0x22,0x20,0x73,0x74,0x72,0x6f,0x6b,0x65,0x3d,0x22,0x23,
  0x66,0x66,0x66,0x22,0x20,0x73,0x74,0x72,0x6f,0x6b,0x65,0x2d,0x77,0x69,0x64,0x74,
  0x68,0x3d,0x22,0x31,0x2e,0x38,0x22,0x20,0x73,0x74,0x72,0x6f,0x6b,0x65,0x2d,0x6c,
  0x69,0x6e,0x65,0x63,0x61,0x70,0x3d,0x22,0x72,0x6f,0x75,0x6e,0x64,0x22,0x20,0x73,
  0x74,0x72,0x6f,0x6b,0x65,0x2d,0x6c,0x69,0x6e,0x65,0x6a,0x6f,0x69,0x6e,0x3d,0x22,
  0x72,0x6f,0x75,0x6e,0x64,0x22,0x3e,0x3c,0x65,0x6c,0x6c,0x69,0x70,0x73,0x65,0x20,
  0x63,0x78,0x3d,0x22,0x31,0x32,0x22,0x20,0x63,0x79,0x3d,0x22,0x35,0x22,0x20,0x72,
  0x78,0x3d,0x22,0x39,0x22,0x20,0x72,0x79,0x3d,0x22,0x33,0x22,0x2f,0x3e,0x3c,0x70,
  0x61,0x74,0x68,0x20,0x64,0x3d,0x22,0x4d,0x32,0x31,0x20,0x31,0x32,0x63,0x30,0x20,
  0x31,0x2e,0x36,0x36,0x2d,0x34,0x20,0x33,0x2d,0x39,0x20,0x33,0x73,0x2d,0x39,0x2d,
  0x31,0x2e,0x33,0x34,0x2d,0x39,0x2d,0x33,0x22,0x2f,0x3e,0x3c,0x70,0x61,0x74,0x68,
  0x20,0x64,0x3d,0x22,0x4d,0x33,0x20,0x35,0x76,0x31,0x34,0x63,0x30,0x20,0x31,0x2e,
  0x36,0x36,0x20,0x34,0x20,0x33,0x20,0x39,0x20,0x33,0x73,0x39,0x2d,0x31,0x2e,0x33,
  0x34,0x20,0x39,0x2d,0x33,0x56,0x35,0x22,0x2f,0x3e,0x3c,0x2f,0x73,0x76,0x67,0x3e,
  0xa,
    // javascript-slash.svg
  0x0,0x0,0x1,0xb,
  0x3c,
  0x73,0x76,0x67,0x20,0x78,0x6d,0x6c,0x6e,0x73,0x3d,0x22,0x68,0x74,0x74,0x70,0x3a,
  0x2f,0x2f,0x77,0x77,0x77,0x2e,0x77,0x33,0x2e,0x6f,0x72,0x67,0x2f,0x32,0x30,0x30,
  0x30,0x2f,0x73,0x76,0x67,0x22,0x20,0x76,0x69,0x65,0x77,0x42,0x6f,0x78,0x3d,0x22,
  0x30,0x20,0x30,0x20,0x32,0x34,0x20,0x32,0x34,0x22,0x20,0x66,0x69,0x6c,0x6c,0x3d,
  0x22,0x6e,0x6f,0x6e,0x65,0x22,0x20,0x73,0x74,0x72,0x6f,0x6b,0x65,0x3d,0x22,0x23,
  0x66,0x66,0x66,0x22,0x20,0x73,0x74,0x72,0x6f,0x6b,0x65,0x2d,0x77,0x69,0x64,0x74,
  0x68,0x3d,0x22,0x31,0x2e,0x38,0x22,0x20,0x73,0x74,0x72,0x6f,0x6b,0x65,0x2d,0x6c,
  0x69,0x6e,0x65,0x63,0x61,0x70,0x3d,0x22,0x72,0x6f,0x75,0x6e,0x64,0x22,0x20,0x73,
  0x74,0x72,0x6f,0x6b,0x65,0x2d,0x6c,0x69,0x6e,0x65,0x6a,0x6f,0x69,0x6e,0x3d,0x22,
  0x72,0x6f,0x75,0x6e,0x64,0x22,0x3e,0x3c,0x70,0x6f,0x6c,0x79,0x6c,0x69,0x6e,0x65,
  0x20,0x70,0x6f,0x69,0x6e,0x74,0x73,0x3d,0x22,0x31,0x36,0x20,0x31,0x38,0x20,0x32,
  0x32,0x20,0x31,0x32,0x20,0x31,0x36,0x20,0x36,0x22,0x2f,0x3e,0x3c,0x70,0x6f,0x6c,
  0x79,0x6c,0x69,0x6e,0x65,0x20,0x70,0x6f,0x69,0x6e,0x74,0x73,0x3d,0x22,0x38,0x20,
  0x36,0x20,0x32,0x20,0x31,0x32,0x20,0x38,0x20,0x31,0x38,0x22,0x2f,0x3e,0x3c,0x6c,
  0x69,0x6e,0x65,0x20,0x78,0x31,0x3d,0x22,0x32,0x22,0x20,0x79,0x31,0x3d,0x22,0x32,
  0x22,0x20,0x78,0x32,0x3d,0x22,0x32,0x32,0x22,0x20,0x79,0x32,0x3d,0x22,0x32,0x32,
  0x22,0x2f,0x3e,0x3c,0x2f,0x73,0x76,0x67,0x3e,0xa,
    // accessibility.svg
  0x0,0x0,0x0,0xfc,
  0x3c,
  0x73,0x76,0x67,0x20,0x78,0x6d,0x6c,0x6e,0x73,0x3d,0x22,0x68,0x74,0x74,0x70,0x3a,
  0x2f,0x2f,0x77,0x77,0x77,0x2e,0x77,0x33,0x2e,0x6f,0x72,0x67,0x2f,0x32,0x30,0x30,
  0x30,0x2f,0x73,0x76,0x67,0x22,0x20,0x76,0x69,0x65,0x77,0x42,0x6f,0x78,0x3d,0x22,
  0x30,0x20,0x30,0x20,0x32,0x34,0x20,0x32,0x34,0x22,0x20,0x66,0x69,0x6c,0x6c,0x3d,
  0x22,0x6e,0x6f,0x6e,0x65,0x22,0x20,0x73,0x74,0x72,0x6f,0x6b,0x65,0x3d,0x22,0x23,
  0x66,0x66,0x66,0x22,0x20,0x73,0x74,0x72,0x6f,0x6b,0x65,0x2d,0x77,0x69,0x64,0x74,
  0x68,0x3d,0x22,0x31,0x2e,0x38,0x22,0x20,0x73,0x74,0x72,0x6f,0x6b,0x65,0x2d,0x6c,
  0x69,0x6e,0x65,0x63,0x61,0x70,0x3d,0x22,0x72,0x6f,0x75,0x6e,0x64,0x22,0x20,0x73,
  0x74,0x72,0x6f,0x6b,0x65,0x2d,0x6c,0x69,0x6e,0x65,0x6a,0x6f,0x69,0x6e,0x3d,0x22,
  0x72,0x6f,0x75,0x6e,0x64,0x22,0x3e,0x3c,0x63,0x69,0x72,0x63,0x6c,0x65,0x20,0x63,
  0x78,0x3d,0x22,0x31,0x32,0x22,0x20,0x63,0x79,0x3d,0x22,0x34,0x2e,0x35,0x22,0x20,
  0x72,0x3d,0x22,0x32,0x22,0x2f,0x3e,0x3c,0x70,0x61,0x74,0x68,0x20,0x64,0x3d,0x22,
  0x4d,0x35,0x20,0x38,0x68,0x31,0x34,0x4d,0x31,0x32,0x20,0x38,0x76,0x35,0x6d,0x30,
  0x20,0x30,0x2d,0x34,0x20,0x38,0x6d,0x34,0x2d,0x38,0x20,0x34,0x20,0x38,0x4d,0x38,
  0x20,0x31,0x31,0x6c,0x2d,0x33,0x20,0x35,0x6d,0x31,0x31,0x2d,0x35,0x20,0x33,0x20,
  0x35,0x22,0x2f,0x3e,0x3c,0x2f,0x73,0x76,0x67,0x3e,0xa,
    // language.svg
  0x0,0x0,0x1,0x87,
  0x3c,
  0x73,0x76,0x67,0x20,0x78,0x6d,0x6c,0x6e,0x73,0x3d,0x22,0x68,0x74,0x74,0x70,0x3a,
  0x2f,0x2f,0x77,0x77,0x77,0x2e,0x77,0x33,0x2e,0x6f,0x72,0x67,0x2f,0x32,0x30,0x30,
  0x30,0x2f,0x73,0x76,0x67,0x22,0x20,0x76,0x69,0x65,0x77,0x42,0x6f,0x78,0x3d,0x22,
  0x30,0x20,0x30,0x20,0x32,0x34,0x20,0x32,0x34,0x22,0x20,0x66,0x69,0x6c,0x6c,0x3d,
  0x22,0x23,0x66,0x66,0x66,0x66,0x66,0x66,0x22,0x3e,0xa,0x20,0x20,0x3c,0x70,0x61,
  0x74,0x68,0x20,0x64,0x3d,0x22,0x4d,0x31,0x32,0x2e,0x38,0x37,0x20,0x31,0x35,0x2e,
  0x30,0x37,0x6c,0x2d,0x32,0x2e,0x35,0x34,0x2d,0x32,0x2e,0x35,0x31,0x2e,0x30,0x33,
  0x2d,0x2e,0x30,0x33,0x63,0x31,0x2e,0x37,0x34,0x2d,0x31,0x2e,0x39,0x34,0x20,0x32,
  0x2e,0x39,0x38,0x2d,0x34,0x2e,0x31,0x37,0x20,0x33,0x2e,0x37,0x31,0x2d,0x36,0x2e,
  0x35,0x33,0x48,0x31,0x37,0x56,0x34,0x68,0x2d,0x37,0x56,0x32,0x48,0x38,0x76,0x32,
  0x48,0x31,0x76,0x32,0x68,0x31,0x31,0x2e,0x31,0x37,0x43,0x31,0x31,0x2e,0x35,0x20,
  0x37,0x2e,0x39,0x32,0x20,0x31,0x30,0x2e,0x34,0x34,0x20,0x39,0x2e,0x37,0x35,0x20,
  0x39,0x20,0x31,0x31,0x2e,0x33,0x35,0x20,0x38,0x2e,0x30,0x37,0x20,0x31,0x30,0x2e,
  0x33,0x32,0x20,0x37,0x2e,0x33,0x20,0x39,0x2e,0x31,0x39,0x20,0x36,0x2e,0x36,0x39,
  0x20,0x38,0x68,0x2d,0x32,0x63,0x2e,0x37,0x33,0x20,0x31,0x2e,0x36,0x33,0x20,0x31,
  0x2e,0x37,0x33,0x20,0x33,0x2e,0x31,0x37,0x20,0x32,0x2e,0x39,0x38,0x20,0x34,0x2e,
  0x35,0x36,0x6c,0x2d,0x35,0x2e,0x30,0x39,0x20,0x35,0x2e,0x30,0x32,0x4c,0x34,0x20,
  0x31,0x39,0x6c,0x35,0x2d,0x35,0x20,0x33,0x2e,0x31,0x31,0x20,0x33,0x2e,0x31,0x31,
  0x2e,0x37,0x36,0x2d,0x32,0x2e,0x30,0x34,0x7a,0x4d,0x31,0x38,0x2e,0x35,0x20,0x31,
  0x30,0x68,0x2d,0x32,0x4c,0x31,0x32,0x20,0x32,0x32,0x68,0x32,0x6c,0x31,0x2e,0x31,
  0x32,0x2d,0x33,0x68,0x34,0x2e,0x37,0x35,0x4c,0x32,0x31,0x20,0x32,0x32,0x68,0x32,
  0x6c,0x2d,0x34,0x2e,0x35,0x2d,0x31,0x32,0x7a,0x6d,0x2d,0x32,0x2e,0x36,0x32,0x20,
  0x37,0x6c,0x31,0x2e,0x36,0x32,0x2d,0x34,0x2e,0x33,0x33,0x4c,0x31,0x39,0x2e,0x31,
  0x32,0x20,0x31,0x37,0x68,0x2d,0x33,0x2e,0x32,0x34,0x7a,0x22,0x2f,0x3e,0xa,0x3c,
  0x2f,0x73,0x76,0x67,0x3e,0xa,
    // performance.svg
  0x0,0x0,0x0,0xf9,
  0x3c,
  0x73,0x76,0x67,0x20,0x78,0x6d,0x6c,0x6e,0x73,0x3d,0x22,0x68,0x74,0x74,0x70,0x3a,
  0x2f,0x2f,0x77,0x77,0x77,0x2e,0x77,0x33,0x2e,0x6f,0x72,0x67,0x2f,0x32,0x30,0x30,
  0x30,0x2f,0x73,0x76,0x67,0x22,0x20,0x76,0x69,0x65,0x77,0x42,0x6f,0x78,0x3d,0x22,
  0x30,0x20,0x30,0x20,0x32,0x34,0x20,0x32,0x34,0x22,0x20,0x66,0x69,0x6c,0x6c,0x3d,
  0x22,0x6e,0x6f,0x6e,0x65,0x22,0x20,0x73,0x74,0x72,0x6f,0x6b,0x65,0x3d,0x22,0x23,
  0x66,0x66,0x66,0x22,0x20,0x73,0x74,0x72,0x6f,0x6b,0x65,0x2d,0x77,0x69,0x64,0x74,
  0x68,0x3d,0x22,0x31,0x2e,0x38,0x22,0x20,0x73,0x74,0x72,0x6f,0x6b,0x65,0x2d,0x6c,
  0x69,0x6e,0x65,0x63,0x61,0x70,0x3d,0x22,0x72,0x6f,0x75,0x6e,0x64,0x22,0x20,0x73,
  0x74,0x72,0x6f,0x6b,0x65,0x2d,0x6c,0x69,0x6e,0x65,0x6a,0x6f,0x69,0x6e,0x3d,0x22,
  0x72,0x6f,0x75,0x6e,0x64,0x22,0x3e,0x3c,0x70,0x61,0x74,0x68,0x20,0x64,0x3d,0x22,
  0x4d,0x31,0x32,0x20,0x31,0x34,0x76,0x2d,0x34,0x22,0x2f,0x3e,0x3c,0x70,0x61,0x74,
  0x68,0x20,0x64,0x3d,0x22,0x4d,0x33,0x2e,0x33,0x34,0x20,0x31,0x39,0x61,0x31,0x30,
  0x20,0x31,0x30,0x20,0x30,0x20,0x31,0x20,0x31,0x20,0x31,0x37,0x2e,0x33,0x32,0x20,
  0x30,0x22,0x2f,0x3e,0x3c,0x70,0x61,0x74,0x68,0x20,0x64,0x3d,0x22,0x6d,0x31,0x34,
  0x2e,0x35,0x20,0x39,0x2e,0x35,0x2d,0x32,0x2e,0x35,0x20,0x34,0x2e,0x35,0x22,0x2f,
  0x3e,0x3c,0x2f,0x73,0x76,0x67,0x3e,0xa,
    // insecure-content.svg
  0x0,0x0,0x1,0x5a,
  0x3c,
  0x73,0x76,0x67,0x20,0x78,0x6d,0x6c,0x6e,0x73,0x3d,0x22,0x68,0x74,0x74,0x70,0x3a,
  0x2f,0x2f,0x77,0x77,0x77,0x2e,0x77,0x33,0x2e,0x6f,0x72,0x67,0x2f,0x32,0x30,0x30,
  0x30,0x2f,0x73,0x76,0x67,0x22,0x20,0x76,0x69,0x65,0x77,0x42,0x6f,0x78,0x3d,0x22,
  0x30,0x20,0x30,0x20,0x32,0x34,0x20,0x32,0x34,0x22,0x20,0x66,0x69,0x6c,0x6c,0x3d,
  0x22,0x6e,0x6f,0x6e,0x65,0x22,0x20,0x73,0x74,0x72,0x6f,0x6b,0x65,0x3d,0x22,0x23,
  0x66,0x66,0x66,0x22,0x20,0x73,0x74,0x72,0x6f,0x6b,0x65,0x2d,0x77,0x69,0x64,0x74,
  0x68,0x3d,0x22,0x31,0x2e,0x38,0x22,0x20,0x73,0x74,0x72,0x6f,0x6b,0x65,0x2d,0x6c,
  0x69,0x6e,0x65,0x63,0x61,0x70,0x3d,0x22,0x72,0x6f,0x75,0x6e,0x64,0x22,0x20,0x73,
  0x74,0x72,0x6f,0x6b,0x65,0x2d,0x6c,0x69,0x6e,0x65,0x6a,0x6f,0x69,0x6e,0x3d,0x22,
  0x72,0x6f,0x75,0x6e,0x64,0x22,0x3e,0x3c,0x70,0x61,0x74,0x68,0x20,0x64,0x3d,0x22,
  0x6d,0x31,0x30,0x2e,0x32,0x39,0x20,0x33,0x2e,0x38,0x36,0x2d,0x38,0x2e,0x38,0x32,
  0x20,0x31,0x35,0x2e,0x32,0x38,0x41,0x32,0x20,0x32,0x20,0x30,0x20,0x30,0x20,0x30,
  0x20,0x33,0x2e,0x32,0x31,0x20,0x32,0x32,0x68,0x31,0x37,0x2e,0x35,0x38,0x61,0x32,
  0x20,0x32,0x20,0x30,0x20,0x30,0x20,0x30,0x20,0x31,0x2e,0x37,0x34,0x2d,0x32,0x2e,
  0x38,0x36,0x4c,0x31,0x33,0x2e,0x37,0x31,0x20,0x33,0x2e,0x38,0x36,0x61,0x32,0x20,
  0x32,0x20,0x30,0x20,0x30,0x20,0x30,0x2d,0x33,0x2e,0x34,0x32,0x20,0x30,0x7a,0x22,
  0x2f,0x3e,0x3c,0x6c,0x69,0x6e,0x65,0x20,0x78,0x31,0x3d,0x22,0x31,0x32,0x22,0x20,
  0x79,0x31,0x3d,0x22,0x39,0x22,0x20,0x78,0x32,0x3d,0x22,0x31,0x32,0x22,0x20,0x79,
  0x32,0x3d,0x22,0x31,0x33,0x22,0x2f,0x3e,0x3c,0x6c,0x69,0x6e,0x65,0x20,0x78,0x31,
  0x3d,0x22,0x31,0x32,0x22,0x20,0x79,0x31,0x3d,0x22,0x31,0x37,0x22,0x20,0x78,0x32,
  0x3d,0x22,0x31,0x32,0x2e,0x30,0x31,0x22,0x20,0x79,0x32,0x3d,0x22,0x31,0x37,0x22,
  0x2f,0x3e,0x3c,0x2f,0x73,0x76,0x67,0x3e,0xa,
    // chevron-right.svg
  0x0,0x0,0x0,0xc2,
  0x3c,
  0x73,0x76,0x67,0x20,0x78,0x6d,0x6c,0x6e,0x73,0x3d,0x22,0x68,0x74,0x74,0x70,0x3a,
  0x2f,0x2f,0x77,0x77,0x77,0x2e,0x77,0x33,0x2e,0x6f,0x72,0x67,0x2f,0x32,0x30,0x30,
  0x30,0x2f,0x73,0x76,0x67,0x22,0x20,0x76,0x69,0x65,0x77,0x42,0x6f,0x78,0x3d,0x22,
  0x30,0x20,0x30,0x20,0x32,0x34,0x20,0x32,0x34,0x22,0x20,0x66,0x69,0x6c,0x6c,0x3d,
  0x22,0x6e,0x6f,0x6e,0x65,0x22,0x20,0x73,0x74,0x72,0x6f,0x6b,0x65,0x3d,0x22,0x23,
  0x66,0x66,0x66,0x22,0x20,0x73,0x74,0x72,0x6f,0x6b,0x65,0x2d,0x77,0x69,0x64,0x74,
  0x68,0x3d,0x22,0x31,0x2e,0x38,0x22,0x20,0x73,0x74,0x72,0x6f,0x6b,0x65,0x2d,0x6c,
  0x69,0x6e,0x65,0x63,0x61,0x70,0x3d,0x22,0x72,0x6f,0x75,0x6e,0x64,0x22,0x20,0x73,
  0x74,0x72,0x6f,0x6b,0x65,0x2d,0x6c,0x69,0x6e,0x65,0x6a,0x6f,0x69,0x6e,0x3d,0x22,
  0x72,0x6f,0x75,0x6e,0x64,0x22,0x3e,0x3c,0x70,0x6f,0x6c,0x79,0x6c,0x69,0x6e,0x65,
  0x20,0x70,0x6f,0x69,0x6e,0x74,0x73,0x3d,0x22,0x39,0x20,0x31,0x38,0x20,0x31,0x35,
  0x20,0x31,0x32,0x20,0x39,0x20,0x36,0x22,0x2f,0x3e,0x3c,0x2f,0x73,0x76,0x67,0x3e,
  0xa,
    // memory.svg
  0x0,0x0,0x0,0xdc,
  0x3c,
  0x73,0x76,0x67,0x20,0x78,0x6d,0x6c,0x6e,0x73,0x3d,0x22,0x68,0x74,0x74,0x70,0x3a,
  0x2f,0x2f,0x77,0x77,0x77,0x2e,0x77,0x33,0x2e,0x6f,0x72,0x67,0x2f,0x32,0x30,0x30,
  0x30,0x2f,0x73,0x76,0x67,0x22,0x20,0x76,0x69,0x65,0x77,0x42,0x6f,0x78,0x3d,0x22,
  0x30,0x20,0x30,0x20,0x32,0x34,0x20,0x32,0x34,0x22,0x20,0x66,0x69,0x6c,0x6c,0x3d,
  0x22,0x6e,0x6f,0x6e,0x65,0x22,0x20,0x73,0x74,0x72,0x6f,0x6b,0x65,0x3d,0x22,0x23,
  0x66,0x66,0x66,0x22,0x20,0x73,0x74,0x72,0x6f,0x6b,0x65,0x2d,0x77,0x69,0x64,0x74,
  0x68,0x3d,0x22,0x31,0x2e,0x38,0x22,0x20,0x73,0x74,0x72,0x6f,0x6b,0x65,0x2d,0x6c,
  0x69,0x6e,0x65,0x63,0x61,0x70,0x3d,0x22,0x72,0x6f,0x75,0x6e,0x64,0x22,0x20,0x73,
  0x74,0x72,0x6f,0x6b,0x65,0x2d,0x6c,0x69,0x6e,0x65,0x6a,0x6f,0x69,0x6e,0x3d,0x22,
  0x72,0x6f,0x75,0x6e,0x64,0x22,0x3e,0x3c,0x70,0x61,0x74,0x68,0x20,0x64,0x3d,0x22,
  0x4d,0x31,0x32,0x20,0x31,0x34,0x76,0x2d,0x34,0x22,0x2f,0x3e,0x3c,0x70,0x61,0x74,
  0x68,0x20,0x64,0x3d,0x22,0x4d,0x33,0x2e,0x33,0x34,0x20,0x31,0x37,0x61,0x31,0x30,
  0x20,0x31,0x30,0x20,0x30,0x20,0x31,0x20,0x31,0x20,0x31,0x37,0x2e,0x33,0x32,0x20,
  0x30,0x22,0x2f,0x3e,0x3c,0x2f,0x73,0x76,0x67,0x3e,0xa,
    // notification.svg
  0x0,0x0,0x0,0xfc,
  0x3c,
  0x73,0x76,0x67,0x20,0x78,0x6d,0x6c,0x6e,0x73,0x3d,0x22,0x68,0x74,0x74,0x70,0x3a,
  0x2f,0x2f,0x77,0x77,0x77,0x2e,0x77,0x33,0x2e,0x6f,0x72,0x67,0x2f,0x32,0x30,0x30,
  0x30,0x2f,0x73,0x76,0x67,0x22,0x20,0x76,0x69,0x65,0x77,0x42,0x6f,0x78,0x3d,0x22,
  0x30,0x20,0x30,0x20,0x32,0x34,0x20,0x32,0x34,0x22,0x20,0x66,0x69,0x6c,0x6c,0x3d,
  0x22,0x6e,0x6f,0x6e,0x65,0x22,0x20,0x73,0x74,0x72,0x6f,0x6b,0x65,0x3d,0x22,0x23,
  0x66,0x66,0x66,0x22,0x20,0x73,0x74,0x72,0x6f,0x6b,0x65,0x2d,0x77,0x69,0x64,0x74,
  0x68,0x3d,0x22,0x31,0x2e,0x38,0x22,0x20,0x73,0x74,0x72,0x6f,0x6b,0x65,0x2d,0x6c,
  0x69,0x6e,0x65,0x63,0x61,0x70,0x3d,0x22,0x72,0x6f,0x75,0x6e,0x64,0x22,0x20,0x73,
  0x74,0x72,0x6f,0x6b,0x65,0x2d,0x6c,0x69,0x6e,0x65,0x6a,0x6f,0x69,0x6e,0x3d,0x22,
  0x72,0x6f,0x75,0x6e,0x64,0x22,0x3e,0x3c,0x70,0x61,0x74,0x68,0x20,0x64,0x3d,0x22,
  0x4d,0x31,0x38,0x20,0x38,0x41,0x36,0x20,0x36,0x20,0x30,0x20,0x30,0x20,0x30,0x20,
  0x36,0x20,0x38,0x63,0x30,0x20,0x37,0x2d,0x33,0x20,0x39,0x2d,0x33,0x20,0x39,0x68,
  0x31,0x38,0x73,0x2d,0x33,0x2d,0x32,0x2d,0x33,0x2d,0x39,0x22,0x2f,0x3e,0x3c,0x70,
  0x61,0x74,0x68,0x20,0x64,0x3d,0x22,0x4d,0x31,0x33,0x2e,0x37,0x33,0x20,0x32,0x31,
  0x61,0x32,0x20,0x32,0x20,0x30,0x20,0x30,0x20,0x31,0x2d,0x33,0x2e,0x34,0x36,0x20,
  0x30,0x22,0x2f,0x3e,0x3c,0x2f,0x73,0x76,0x67,0x3e,0xa,
    // zoom.svg
  0x0,0x0,0x0,0xdc,
  0x3c,
  0x73,0x76,0x67,0x20,0x78,0x6d,0x6c,0x6e,0x73,0x3d,0x22,0x68,0x74,0x74,0x70,0x3a,
  0x2f,0x2f,0x77,0x77,0x77,0x2e,0x77,0x33,0x2e,0x6f,0x72,0x67,0x2f,0x32,0x30,0x30,
  0x30,0x2f,0x73,0x76,0x67,0x22,0x20,0x76,0x69,0x65,0x77,0x42,0x6f,0x78,0x3d,0x22,
  0x30,0x20,0x30,0x20,0x32,0x34,0x20,0x32,0x34,0x22,0x20,0x66,0x69,0x6c,0x6c,0x3d,
  0x22,0x6e,0x6f,0x6e,0x65,0x22,0x20,0x73,0x74,0x72,0x6f,0x6b,0x65,0x3d,0x22,0x23,
  0x66,0x66,0x66,0x22,0x20,0x73,0x74,0x72,0x6f,0x6b,0x65,0x2d,0x77,0x69,0x64,0x74,
  0x68,0x3d,0x22,0x31,0x2e,0x38,0x22,0x20,0x73,0x74,0x72,0x6f,0x6b,0x65,0x2d,0x6c,
  0x69,0x6e,0x65,0x63,0x61,0x70,0x3d,0x22,0x72,0x6f,0x75,0x6e,0x64,0x22,0x3e,0x3c,
  0x63,0x69,0x72,0x63,0x6c,0x65,0x20,0x63,0x78,0x3d,0x22,0x31,0x30,0x2e,0x35,0x22,
  0x20,0x63,0x79,0x3d,0x22,0x31,0x30,0x2e,0x35,0x22,0x20,0x72,0x3d,0x22,0x36,0x2e,
  0x35,0x22,0x2f,0x3e,0x3c,0x70,0x61,0x74,0x68,0x20,0x64,0x3d,0x22,0x6d,0x31,0x35,
  0x2e,0x35,0x20,0x31,0x35,0x2e,0x35,0x20,0x35,0x20,0x35,0x4d,0x37,0x2e,0x35,0x20,
  0x31,0x30,0x2e,0x35,0x68,0x36,0x4d,0x31,0x30,0x2e,0x35,0x20,0x37,0x2e,0x35,0x76,
  0x36,0x22,0x2f,0x3e,0x3c,0x2f,0x73,0x76,0x67,0x3e,0xa,
    // arrow-left.svg
  0x0,0x0,0x0,0xe9,
  0x3c,
  0x73,0x76,0x67,0x20,0x78,0x6d,0x6c,0x6e,0x73,0x3d,0x22,0x68,0x74,0x74,0x70,0x3a,
  0x2f,0x2f,0x77,0x77,0x77,0x2e,0x77,0x33,0x2e,0x6f,0x72,0x67,0x2f,0x32,0x30,0x30,
  0x30,0x2f,0x73,0x76,0x67,0x22,0x20,0x76,0x69,0x65,0x77,0x42,0x6f,0x78,0x3d,0x22,
  0x30,0x20,0x30,0x20,0x32,0x34,0x20,0x32,0x34,0x22,0x20,0x66,0x69,0x6c,0x6c,0x3d,
  0x22,0x6e,0x6f,0x6e,0x65,0x22,0x20,0x73,0x74,0x72,0x6f,0x6b,0x65,0x3d,0x22,0x23,
  0x66,0x66,0x66,0x22,0x20,0x73,0x74,0x72,0x6f,0x6b,0x65,0x2d,0x77,0x69,0x64,0x74,
  0x68,0x3d,0x22,0x31,0x2e,0x38,0x22,0x20,0x73,0x74,0x72,0x6f,0x6b,0x65,0x2d,0x6c,
  0x69,0x6e,0x65,0x63,0x61,0x70,0x3d,0x22,0x72,0x6f,0x75,0x6e,0x64,0x22,0x20,0x73,
  0x74,0x72,0x6f,0x6b,0x65,0x2d,0x6c,0x69,0x6e,0x65,0x6a,0x6f,0x69,0x6e,0x3d,0x22,
  0x72,0x6f,0x75,0x6e,0x64,0x22,0x3e,0x3c,0x6c,0x69,0x6e,0x65,0x20,0x78,0x31,0x3d,
  0x22,0x31,0x39,0x22,0x20,0x79,0x31,0x3d,0x22,0x31,0x32,0x22,0x20,0x78,0x32,0x3d,
  0x22,0x35,0x22,0x20,0x79,0x32,0x3d,0x22,0x31,0x32,0x22,0x2f,0x3e,0x3c,0x70,0x6f,
  0x6c,0x79,0x6c,0x69,0x6e,0x65,0x20,0x70,0x6f,0x69,0x6e,0x74,0x73,0x3d,0x22,0x31,
  0x32,0x20,0x31,0x39,0x20,0x35,0x20,0x31,0x32,0x20,0x31,0x32,0x20,0x35,0x22,0x2f,
  0x3e,0x3c,0x2f,0x73,0x76,0x67,0x3e,0xa,
    // window.svg
  0x0,0x0,0x0,0xbe,
  0x3c,
  0x73,0x76,0x67,0x20,0x78,0x6d,0x6c,0x6e,0x73,0x3d,0x22,0x68,0x74,0x74,0x70,0x3a,
  0x2f,0x2f,0x77,0x77,0x77,0x2e,0x77,0x33,0x2e,0x6f,0x72,0x67,0x2f,0x32,0x30,0x30,
  0x30,0x2f,0x73,0x76,0x67,0x22,0x20,0x76,0x69,0x65,0x77,0x42,0x6f,0x78,0x3d,0x22,
  0x30,0x20,0x30,0x20,0x32,0x34,0x20,0x32,0x34,0x22,0x20,0x66,0x69,0x6c,0x6c,0x3d,
  0x22,0x6e,0x6f,0x6e,0x65,0x22,0x20,0x73,0x74,0x72,0x6f,0x6b,0x65,0x3d,0x22,0x23,
  0x66,0x66,0x66,0x22,0x20,0x73,0x74,0x72,0x6f,0x6b,0x65,0x2d,0x77,0x69,0x64,0x74,
  0x68,0x3d,0x22,0x31,0x2e,0x38,0x22,0x20,0x73,0x74,0x72,0x6f,0x6b,0x65,0x2d,0x6c,
  0x69,0x6e,0x65,0x6a,0x6f,0x69,0x6e,0x3d,0x22,0x72,0x6f,0x75,0x6e,0x64,0x22,0x3e,
  0x3c,0x70,0x61,0x74,0x68,0x20,0x64,0x3d,0x22,0x4d,0x33,0x20,0x35,0x68,0x31,0x35,
  0x76,0x31,0x33,0x48,0x33,0x5a,0x22,0x2f,0x3e,0x3c,0x70,0x61,0x74,0x68,0x20,0x64,
  0x3d,0x22,0x4d,0x36,0x20,0x32,0x68,0x31,0x35,0x76,0x31,0x33,0x4d,0x33,0x20,0x39,
  0x68,0x31,0x35,0x22,0x2f,0x3e,0x3c,0x2f,0x73,0x76,0x67,0x3e,0xa,
    // print.svg
  0x0,0x0,0x0,0xd3,
  0x3c,
  0x73,0x76,0x67,0x20,0x78,0x6d,0x6c,0x6e,0x73,0x3d,0x22,0x68,0x74,0x74,0x70,0x3a,
  0x2f,0x2f,0x77,0x77,0x77,0x2e,0x77,0x33,0x2e,0x6f,0x72,0x67,0x2f,0x32,0x30,0x30,
  0x30,0x2f,0x73,0x76,0x67,0x22,0x20,0x76,0x69,0x65,0x77,0x42,0x6f,0x78,0x3d,0x22,
  0x30,0x20,0x30,0x20,0x32,0x34,0x20,0x32,0x34,0x22,0x20,0x66,0x69,0x6c,0x6c,0x3d,
  0x22,0x6e,0x6f,0x6e,0x65,0x22,0x20,0x73,0x74,0x72,0x6f,0x6b,0x65,0x3d,0x22,0x23,
  0x66,0x66,0x66,0x22,0x20,0x73,0x74,0x72,0x6f,0x6b,0x65,0x2d,0x77,0x69,0x64,0x74,
  0x68,0x3d,0x22,0x31,0x2e,0x38,0x22,0x20,0x73,0x74,0x72,0x6f,0x6b,0x65,0x2d,0x6c,
  0x69,0x6e,0x65,0x6a,0x6f,0x69,0x6e,0x3d,0x22,0x72,0x6f,0x75,0x6e,0x64,0x22,0x3e,
  0x3c,0x70,0x61,0x74,0x68,0x20,0x64,0x3d,0x22,0x4d,0x37,0x20,0x38,0x56,0x33,0x68,
  0x31,0x30,0x76,0x35,0x4d,0x37,0x20,0x31,0x37,0x48,0x34,0x56,0x39,0x68,0x31,0x36,
  0x76,0x38,0x68,0x2d,0x33,0x4d,0x37,0x20,0x31,0x34,0x68,0x31,0x30,0x76,0x37,0x48,
  0x37,0x5a,0x22,0x2f,0x3e,0x3c,0x70,0x61,0x74,0x68,0x20,0x64,0x3d,0x22,0x4d,0x31,
  0x37,0x20,0x31,0x31,0x68,0x2e,0x30,0x31,0x22,0x2f,0x3e,0x3c,0x2f,0x73,0x76,0x67,
  0x3e,0xa,
    // video.svg
  0x0,0x0,0x0,0xee,
  0x3c,
  0x73,0x76,0x67,0x20,0x78,0x6d,0x6c,0x6e,0x73,0x3d,0x22,0x68,0x74,0x74,0x70,0x3a,
  0x2f,0x2f,0x77,0x77,0x77,0x2e,0x77,0x33,0x2e,0x6f,0x72,0x67,0x2f,0x32,0x30,0x30,
  0x30,0x2f,0x73,0x76,0x67,0x22,0x20,0x76,0x69,0x65,0x77,0x42,0x6f,0x78,0x3d,0x22,
  0x30,0x20,0x30,0x20,0x32,0x34,0x20,0x32,0x34,0x22,0x20,0x66,0x69,0x6c,0x6c,0x3d,
  0x22,0x6e,0x6f,0x6e,0x65,0x22,0x20,0x73,0x74,0x72,0x6f,0x6b,0x65,0x3d,0x22,0x23,
  0x66,0x66,0x66,0x22,0x20,0x73,0x74,0x72,0x6f,0x6b,0x65,0x2d,0x77,0x69,0x64,0x74,
  0x68,0x3d,0x22,0x31,0x2e,0x38,0x22,0x20,0x73,0x74,0x72,0x6f,0x6b,0x65,0x2d,0x6c,
  0x69,0x6e,0x65,0x63,0x61,0x70,0x3d,0x22,0x72,0x6f,0x75,0x6e,0x64,0x22,0x20,0x73,
  0x74,0x72,0x6f,0x6b,0x65,0x2d,0x6c,0x69,0x6e,0x65,0x6a,0x6f,0x69,0x6e,0x3d,0x22,
  0x72,0x6f,0x75,0x6e,0x64,0x22,0x3e,0x3c,0x72,0x65,0x63,0x74,0x20,0x78,0x3d,0x22,
  0x33,0x22,0x20,0x79,0x3d,0x22,0x35,0x22,0x20,0x77,0x69,0x64,0x74,0x68,0x3d,0x22,
  0x31,0x34,0x22,0x20,0x68,0x65,0x69,0x67,0x68,0x74,0x3d,0x22,0x31,0x34,0x22,0x20,
  0x72,0x78,0x3d,0x22,0x33,0x22,0x2f,0x3e,0x3c,0x70,0x61,0x74,0x68,0x20,0x64,0x3d,
  0x22,0x6d,0x31,0x37,0x20,0x31,0x30,0x20,0x34,0x2d,0x32,0x76,0x38,0x6c,0x2d,0x34,
  0x2d,0x32,0x7a,0x22,0x2f,0x3e,0x3c,0x2f,0x73,0x76,0x67,0x3e,0xa,
    // bookmark.svg
  0x0,0x0,0x0,0xa8,
  0x3c,
  0x73,0x76,0x67,0x20,0x78,0x6d,0x6c,0x6e,0x73,0x3d,0x22,0x68,0x74,0x74,0x70,0x3a,
  0x2f,0x2f,0x77,0x77,0x77,0x2e,0x77,0x33,0x2e,0x6f,0x72,0x67,0x2f,0x32,0x30,0x30,
  0x30,0x2f,0x73,0x76,0x67,0x22,0x20,0x76,0x69,0x65,0x77,0x42,0x6f,0x78,0x3d,0x22,
  0x30,0x20,0x30,0x20,0x32,0x34,0x20,0x32,0x34,0x22,0x20,0x66,0x69,0x6c,0x6c,0x3d,
  0x22,0x6e,0x6f,0x6e,0x65,0x22,0x20,0x73,0x74,0x72,0x6f,0x6b,0x65,0x3d,0x22,0x23,
  0x66,0x66,0x66,0x22,0x20,0x73,0x74,0x72,0x6f,0x6b,0x65,0x2d,0x77,0x69,0x64,0x74,
  0x68,0x3d,0x22,0x31,0x2e,0x38,0x22,0x20,0x73,0x74,0x72,0x6f,0x6b,0x65,0x2d,0x6c,
  0x69,0x6e,0x65,0x6a,0x6f,0x69,0x6e,0x3d,0x22,0x72,0x6f,0x75,0x6e,0x64,0x22,0x3e,
  0x3c,0x70,0x61,0x74,0x68,0x20,0x64,0x3d,0x22,0x4d,0x36,0x20,0x34,0x68,0x31,0x32,
  0x76,0x31,0x37,0x6c,0x2d,0x36,0x2d,0x34,0x2d,0x36,0x20,0x34,0x5a,0x22,0x2f,0x3e,
  0x3c,0x2f,0x73,0x76,0x67,0x3e,0xa,
    // grid.svg
  0x0,0x0,0x1,0x48,
  0x3c,
  0x73,0x76,0x67,0x20,0x78,0x6d,0x6c,0x6e,0x73,0x3d,0x22,0x68,0x74,0x74,0x70,0x3a,
  0x2f,0x2f,0x77,0x77,0x77,0x2e,0x77,0x33,0x2e,0x6f,0x72,0x67,0x2f,0x32,0x30,0x30,
  0x30,0x2f,0x73,0x76,0x67,0x22,0x20,0x76,0x69,0x65,0x77,0x42,0x6f,0x78,0x3d,0x22,
  0x30,0x20,0x30,0x20,0x32,0x34,0x20,0x32,0x34,0x22,0x20,0x66,0x69,0x6c,0x6c,0x3d,
  0x22,0x6e,0x6f,0x6e,0x65,0x22,0x20,0x73,0x74,0x72,0x6f,0x6b,0x65,0x3d,0x22,0x23,
  0x66,0x66,0x66,0x22,0x20,0x73,0x74,0x72,0x6f,0x6b,0x65,0x2d,0x77,0x69,0x64,0x74,
  0x68,0x3d,0x22,0x31,0x2e,0x38,0x22,0x20,0x73,0x74,0x72,0x6f,0x6b,0x65,0x2d,0x6c,
  0x69,0x6e,0x65,0x6a,0x6f,0x69,0x6e,0x3d,0x22,0x72,0x6f,0x75,0x6e,0x64,0x22,0x3e,
  0x3c,0x72,0x65,0x63,0x74,0x20,0x78,0x3d,0x22,0x34,0x22,0x20,0x79,0x3d,0x22,0x34,
  0x22,0x20,0x77,0x69,0x64,0x74,0x68,0x3d,0x22,0x36,0x22,0x20,0x68,0x65,0x69,0x67,
  0x68,0x74,0x3d,0x22,0x36,0x22,0x20,0x72,0x78,0x3d,0x22,0x31,0x22,0x2f,0x3e,0x3c,
  0x72,0x65,0x63,0x74,0x20,0x78,0x3d,0x22,0x31,0x34,0x22,0x20,0x79,0x3d,0x22,0x34,
  0x22,0x20,0x77,0x69,0x64,0x74,0x68,0x3d,0x22,0x36,0x22,0x20,0x68,0x65,0x69,0x67,
  0x68,0x74,0x3d,0x22,0x36,0x22,0x20,0x72,0x78,0x3d,0x22,0x31,0x22,0x2f,0x3e,0x3c,
  0x72,0x65,0x63,0x74,0x20,0x78,0x3d,0x22,0x34,0x22,0x20,0x79,0x3d,0x22,0x31,0x34,
  0x22,0x20,0x77,0x69,0x64,0x74,0x68,0x3d,0x22,0x36,0x22,0x20,0x68,0x65,0x69,0x67,
  0x68,0x74,0x3d,0x22,0x36,0x22,0x20,0x72,0x78,0x3d,0x22,0x31,0x22,0x2f,0x3e,0x3c,
  0x72,0x65,0x63,0x74,0x20,0x78,0x3d,0x22,0x31,0x34,0x22,0x20,0x79,0x3d,0x22,0x31,
  0x34,0x22,0x20,0x77,0x69,0x64,0x74,0x68,0x3d,0x22,0x36,0x22,0x20,0x68,0x65,0x69,
  0x67,0x68,0x74,0x3d,0x22,0x36,0x22,0x20,0x72,0x78,0x3d,0x22,0x31,0x22,0x2f,0x3e,
  0x3c,0x2f,0x73,0x76,0x67,0x3e,0xa,
    // maximize.svg
  0x0,0x0,0x0,0xb9,
  0x3c,
  0x73,0x76,0x67,0x20,0x78,0x6d,0x6c,0x6e,0x73,0x3d,0x22,0x68,0x74,0x74,0x70,0x3a,
  0x2f,0x2f,0x77,0x77,0x77,0x2e,0x77,0x33,0x2e,0x6f,0x72,0x67,0x2f,0x32,0x30,0x30,
  0x30,0x2f,0x73,0x76,0x67,0x22,0x20,0x76,0x69,0x65,0x77,0x42,0x6f,0x78,0x3d,0x22,
  0x30,0x20,0x30,0x20,0x32,0x34,0x20,0x32,0x34,0x22,0x20,0x66,0x69,0x6c,0x6c,0x3d,
  0x22,0x6e,0x6f,0x6e,0x65,0x22,0x20,0x73,0x74,0x72,0x6f,0x6b,0x65,0x3d,0x22,0x23,
  0x66,0x66,0x66,0x22,0x20,0x73,0x74,0x72,0x6f,0x6b,0x65,0x2d,0x77,0x69,0x64,0x74,
  0x68,0x3d,0x22,0x31,0x2e,0x38,0x22,0x20,0x73,0x74,0x72,0x6f,0x6b,0x65,0x2d,0x6c,
  0x69,0x6e,0x65,0x6a,0x6f,0x69,0x6e,0x3d,0x22,0x72,0x6f,0x75,0x6e,0x64,0x22,0x3e,
  0x3c,0x72,0x65,0x63,0x74,0x20,0x78,0x3d,0x22,0x35,0x22,0x20,0x79,0x3d,0x22,0x35,
  0x22,0x20,0x77,0x69,0x64,0x74,0x68,0x3d,0x22,0x31,0x34,0x22,0x20,0x68,0x65,0x69,
  0x67,0x68,0x74,0x3d,0x22,0x31,0x34,0x22,0x20,0x72,0x78,0x3d,0x22,0x31,0x22,0x2f,
  0x3e,0x3c,0x2f,0x73,0x76,0x67,0x3e,0xa,
    // javascript.svg
  0x0,0x0,0x1,0xc,
  0x3c,
  0x73,0x76,0x67,0x20,0x78,0x6d,0x6c,0x6e,0x73,0x3d,0x22,0x68,0x74,0x74,0x70,0x3a,
  0x2f,0x2f,0x77,0x77,0x77,0x2e,0x77,0x33,0x2e,0x6f,0x72,0x67,0x2f,0x32,0x30,0x30,
  0x30,0x2f,0x73,0x76,0x67,0x22,0x20,0x76,0x69,0x65,0x77,0x42,0x6f,0x78,0x3d,0x22,
  0x30,0x20,0x30,0x20,0x32,0x34,0x20,0x32,0x34,0x22,0x20,0x66,0x69,0x6c,0x6c,0x3d,
  0x22,0x6e,0x6f,0x6e,0x65,0x22,0x20,0x73,0x74,0x72,0x6f,0x6b,0x65,0x3d,0x22,0x23,
  0x66,0x66,0x66,0x22,0x20,0x73,0x74,0x72,0x6f,0x6b,0x65,0x2d,0x77,0x69,0x64,0x74,
  0x68,0x3d,0x22,0x31,0x2e,0x38,0x22,0x20,0x73,0x74,0x72,0x6f,0x6b,0x65,0x2d,0x6c,
  0x69,0x6e,0x65,0x63,0x61,0x70,0x3d,0x22,0x72,0x6f,0x75,0x6e,0x64,0x22,0x20,0x73,
  0x74,0x72,0x6f,0x6b,0x65,0x2d,0x6c,0x69,0x6e,0x65,0x6a,0x6f,0x69,0x6e,0x3d,0x22,
  0x72,0x6f,0x75,0x6e,0x64,0x22,0x3e,0x3c,0x70,0x6f,0x6c,0x79,0x6c,0x69,0x6e,0x65,
  0x20,0x70,0x6f,0x69,0x6e,0x74,0x73,0x3d,0x22,0x31,0x36,0x20,0x31,0x38,0x20,0x32,
  0x32,0x20,0x31,0x32,0x20,0x31,0x36,0x20,0x36,0x22,0x2f,0x3e,0x3c,0x70,0x6f,0x6c,
  0x79,0x6c,0x69,0x6e,0x65,0x20,0x70,0x6f,0x69,0x6e,0x74,0x73,0x3d,0x22,0x38,0x20,
  0x36,0x20,0x32,0x20,0x31,0x32,0x20,0x38,0x20,0x31,0x38,0x22,0x2f,0x3e,0x3c,0x6c,
  0x69,0x6e,0x65,0x20,0x78,0x31,0x3d,0x22,0x31,0x34,0x22,0x20,0x79,0x31,0x3d,0x22,
  0x34,0x22,0x20,0x78,0x32,0x3d,0x22,0x31,0x30,0x22,0x20,0x79,0x32,0x3d,0x22,0x32,
  0x30,0x22,0x2f,0x3e,0x3c,0x2f,0x73,0x76,0x67,0x3e,0xa,
    // music.svg
  0x0,0x0,0x0,0xf7,
  0x3c,
  0x73,0x76,0x67,0x20,0x78,0x6d,0x6c,0x6e,0x73,0x3d,0x22,0x68,0x74,0x74,0x70,0x3a,
  0x2f,0x2f,0x77,0x77,0x77,0x2e,0x77,0x33,0x2e,0x6f,0x72,0x67,0x2f,0x32,0x30,0x30,
  0x30,0x2f,0x73,0x76,0x67,0x22,0x20,0x76,0x69,0x65,0x77,0x42,0x6f,0x78,0x3d,0x22,
  0x30,0x20,0x30,0x20,0x32,0x34,0x20,0x32,0x34,0x22,0x20,0x66,0x69,0x6c,0x6c,0x3d,
  0x22,0x6e,0x6f,0x6e,0x65,0x22,0x20,0x73,0x74,0x72,0x6f,0x6b,0x65,0x3d,0x22,0x23,
  0x66,0x66,0x66,0x22,0x20,0x73,0x74,0x72,0x6f,0x6b,0x65,0x2d,0x77,0x69,0x64,0x74,
  0x68,0x3d,0x22,0x31,0x2e,0x38,0x22,0x20,0x73,0x74,0x72,0x6f,0x6b,0x65,0x2d,0x6c,
  0x69,0x6e,0x65,0x63,0x61,0x70,0x3d,0x22,0x72,0x6f,0x75,0x6e,0x64,0x22,0x20,0x73,
  0x74,0x72,0x6f,0x6b,0x65,0x2d,0x6c,0x69,0x6e,0x65,0x6a,0x6f,0x69,0x6e,0x3d,0x22,
  0x72,0x6f,0x75,0x6e,0x64,0x22,0x3e,0x3c,0x70,0x61,0x74,0x68,0x20,0x64,0x3d,0x22,
  0x4d,0x39,0x20,0x31,0x38,0x56,0x35,0x6c,0x31,0x30,0x2d,0x32,0x76,0x31,0x33,0x22,
  0x2f,0x3e,0x3c,0x63,0x69,0x72,0x63,0x6c,0x65,0x20,0x63,0x78,0x3d,0x22,0x36,0x22,
  0x20,0x63,0x79,0x3d,0x22,0x31,0x38,0x22,0x20,0x72,0x3d,0x22,0x33,0x22,0x2f,0x3e,
  0x3c,0x63,0x69,0x72,0x63,0x6c,0x65,0x20,0x63,0x78,0x3d,0x22,0x31,0x36,0x22,0x20,
  0x63,0x79,0x3d,0x22,0x31,0x36,0x22,0x20,0x72,0x3d,0x22,0x33,0x22,0x2f,0x3e,0x3c,
  0x2f,0x73,0x76,0x67,0x3e,0xa,
    // tools.svg
  0x0,0x0,0x0,0xf3,
  0x3c,
  0x73,0x76,0x67,0x20,0x78,0x6d,0x6c,0x6e,0x73,0x3d,0x22,0x68,0x74,0x74,0x70,0x3a,
  0x2f,0x2f,0x77,0x77,0x77,0x2e,0x77,0x33,0x2e,0x6f,0x72,0x67,0x2f,0x32,0x30,0x30,
  0x30,0x2f,0x73,0x76,0x67,0x22,0x20,0x76,0x69,0x65,0x77,0x42,0x6f,0x78,0x3d,0x22,
  0x30,0x20,0x30,0x20,0x32,0x34,0x20,0x32,0x34,0x22,0x20,0x66,0x69,0x6c,0x6c,0x3d,
  0x22,0x6e,0x6f,0x6e,0x65,0x22,0x20,0x73,0x74,0x72,0x6f,0x6b,0x65,0x3d,0x22,0x23,
  0x66,0x66,0x66,0x22,0x20,0x73,0x74,0x72,0x6f,0x6b,0x65,0x2d,0x77,0x69,0x64,0x74,
  0x68,0x3d,0x22,0x31,0x2e,0x38,0x22,0x20,0x73,0x74,0x72,0x6f,0x6b,0x65,0x2d,0x6c,
  0x69,0x6e,0x65,0x63,0x61,0x70,0x3d,0x22,0x72,0x6f,0x75,0x6e,0x64,0x22,0x20,0x73,
  0x74,0x72,0x6f,0x6b,0x65,0x2d,0x6c,0x69,0x6e,0x65,0x6a,0x6f,0x69,0x6e,0x3d,0x22,
  0x72,0x6f,0x75,0x6e,0x64,0x22,0x3e,0x3c,0x70,0x61,0x74,0x68,0x20,0x64,0x3d,0x22,
  0x4d,0x31,0x34,0x20,0x36,0x61,0x35,0x20,0x35,0x20,0x30,0x20,0x30,0x20,0x30,0x2d,
  0x36,0x2d,0x33,0x6c,0x33,0x20,0x33,0x2d,0x33,0x20,0x33,0x2d,0x33,0x2d,0x33,0x61,
  0x35,0x20,0x35,0x20,0x30,0x20,0x30,0x20,0x30,0x20,0x36,0x20,0x36,0x6c,0x38,0x20,
  0x38,0x20,0x32,0x2d,0x32,0x2d,0x38,0x2d,0x38,0x61,0x35,0x20,0x35,0x20,0x30,0x20,
  0x30,0x20,0x30,0x20,0x31,0x2d,0x34,0x5a,0x22,0x2f,0x3e,0x3c,0x2f,0x73,0x76,0x67,
  0x3e,0xa,
    // help.svg
  0x0,0x0,0x0,0xef,
  0x3c,
  0x73,0x76,0x67,0x20,0x78,0x6d,0x6c,0x6e,0x73,0x3d,0x22,0x68,0x74,0x74,0x70,0x3a,
  0x2f,0x2f,0x77,0x77,0x77,0x2e,0x77,0x33,0x2e,0x6f,0x72,0x67,0x2f,0x32,0x30,0x30,
  0x30,0x2f,0x73,0x76,0x67,0x22,0x20,0x76,0x69,0x65,0x77,0x42,0x6f,0x78,0x3d,0x22,
  0x30,0x20,0x30,0x20,0x32,0x34,0x20,0x32,0x34,0x22,0x20,0x66,0x69,0x6c,0x6c,0x3d,
  0x22,0x6e,0x6f,0x6e,0x65,0x22,0x20,0x73,0x74,0x72,0x6f,0x6b,0x65,0x3d,0x22,0x23,
  0x66,0x66,0x66,0x22,0x20,0x73,0x74,0x72,0x6f,0x6b,0x65,0x2d,0x77,0x69,0x64,0x74,
  0x68,0x3d,0x22,0x31,0x2e,0x38,0x22,0x20,0x73,0x74,0x72,0x6f,0x6b,0x65,0x2d,0x6c,
  0x69,0x6e,0x65,0x63,0x61,0x70,0x3d,0x22,0x72,0x6f,0x75,0x6e,0x64,0x22,0x3e,0x3c,
  0x63,0x69,0x72,0x63,0x6c,0x65,0x20,0x63,0x78,0x3d,0x22,0x31,0x32,0x22,0x20,0x63,
  0x79,0x3d,0x22,0x31,0x32,0x22,0x20,0x72,0x3d,0x22,0x39,0x22,0x2f,0x3e,0x3c,0x70,
  0x61,0x74,0x68,0x20,0x64,0x3d,0x22,0x4d,0x39,0x2e,0x35,0x20,0x39,0x61,0x32,0x2e,
  0x35,0x20,0x32,0x2e,0x35,0x20,0x30,0x20,0x31,0x20,0x31,0x20,0x33,0x2e,0x36,0x20,
  0x32,0x2e,0x33,0x63,0x2d,0x31,0x2e,0x31,0x2e,0x36,0x2d,0x31,0x2e,0x31,0x20,0x31,
  0x2e,0x32,0x2d,0x31,0x2e,0x31,0x20,0x32,0x2e,0x32,0x4d,0x31,0x32,0x20,0x31,0x37,
  0x68,0x2e,0x30,0x31,0x22,0x2f,0x3e,0x3c,0x2f,0x73,0x76,0x67,0x3e,0xa,
    // folder.svg
  0x0,0x0,0x0,0xa6,
  0x3c,
  0x73,0x76,0x67,0x20,0x78,0x6d,0x6c,0x6e,0x73,0x3d,0x22,0x68,0x74,0x74,0x70,0x3a,
  0x2f,0x2f,0x77,0x77,0x77,0x2e,0x77,0x33,0x2e,0x6f,0x72,0x67,0x2f,0x32,0x30,0x30,
  0x30,0x2f,0x73,0x76,0x67,0x22,0x20,0x76,0x69,0x65,0x77,0x42,0x6f,0x78,0x3d,0x22,
  0x30,0x20,0x30,0x20,0x32,0x34,0x20,0x32,0x34,0x22,0x20,0x66,0x69,0x6c,0x6c,0x3d,
  0x22,0x6e,0x6f,0x6e,0x65,0x22,0x20,0x73,0x74,0x72,0x6f,0x6b,0x65,0x3d,0x22,0x23,
  0x66,0x66,0x66,0x22,0x20,0x73,0x74,0x72,0x6f,0x6b,0x65,0x2d,0x77,0x69,0x64,0x74,
  0x68,0x3d,0x22,0x31,0x2e,0x38,0x22,0x20,0x73,0x74,0x72,0x6f,0x6b,0x65,0x2d,0x6c,
  0x69,0x6e,0x65,0x6a,0x6f,0x69,0x6e,0x3d,0x22,0x72,0x6f,0x75,0x6e,0x64,0x22,0x3e,
  0x3c,0x70,0x61,0x74,0x68,0x20,0x64,0x3d,0x22,0x4d,0x33,0x20,0x36,0x68,0x37,0x6c,
  0x32,0x20,0x32,0x68,0x39,0x76,0x31,0x31,0x48,0x33,0x5a,0x22,0x2f,0x3e,0x3c,0x2f,
  0x73,0x76,0x67,0x3e,0xa,
    // audio.svg
  0x0,0x0,0x1,0x27,
  0x3c,
  0x73,0x76,0x67,0x20,0x78,0x6d,0x6c,0x6e,0x73,0x3d,0x22,0x68,0x74,0x74,0x70,0x3a,
  0x2f,0x2f,0x77,0x77,0x77,0x2e,0x77,0x33,0x2e,0x6f,0x72,0x67,0x2f,0x32,0x30,0x30,
  0x30,0x2f,0x73,0x76,0x67,0x22,0x20,0x76,0x69,0x65,0x77,0x42,0x6f,0x78,0x3d,0x22,
  0x30,0x20,0x30,0x20,0x32,0x34,0x20,0x32,0x34,0x22,0x20,0x66,0x69,0x6c,0x6c,0x3d,
  0x22,0x6e,0x6f,0x6e,0x65,0x22,0x20,0x73,0x74,0x72,0x6f,0x6b,0x65,0x3d,0x22,0x23,
  0x66,0x66,0x66,0x22,0x20,0x73,0x74,0x72,0x6f,0x6b,0x65,0x2d,0x77,0x69,0x64,0x74,
  0x68,0x3d,0x22,0x31,0x2e,0x38,0x22,0x20,0x73,0x74,0x72,0x6f,0x6b,0x65,0x2d,0x6c,
  0x69,0x6e,0x65,0x63,0x61,0x70,0x3d,0x22,0x72,0x6f,0x75,0x6e,0x64,0x22,0x20,0x73,
  0x74,0x72,0x6f,0x6b,0x65,0x2d,0x6c,0x69,0x6e,0x65,0x6a,0x6f,0x69,0x6e,0x3d,0x22,
  0x72,0x6f,0x75,0x6e,0x64,0x22,0x3e,0x3c,0x70,0x6f,0x6c,0x79,0x67,0x6f,0x6e,0x20,
  0x70,0x6f,0x69,0x6e,0x74,0x73,0x3d,0x22,0x31,0x31,0x20,0x35,0x20,0x36,0x20,0x39,
  0x20,0x32,0x20,0x39,0x20,0x32,0x20,0x31,0x35,0x20,0x36,0x20,0x31,0x35,0x20,0x31,
  0x31,0x20,0x31,0x39,0x20,0x31,0x31,0x20,0x35,0x22,0x2f,0x3e,0x3c,0x70,0x61,0x74,
  0x68,0x20,0x64,0x3d,0x22,0x4d,0x31,0x35,0x2e,0x35,0x34,0x20,0x38,0x2e,0x34,0x36,
  0x61,0x35,0x20,0x35,0x20,0x30,0x20,0x30,0x20,0x31,0x20,0x30,0x20,0x37,0x2e,0x30,
  0x37,0x22,0x2f,0x3e,0x3c,0x70,0x61,0x74,0x68,0x20,0x64,0x3d,0x22,0x4d,0x31,0x39,
  0x2e,0x30,0x37,0x20,0x34,0x2e,0x39,0x33,0x61,0x31,0x30,0x20,0x31,0x30,0x20,0x30,
  0x20,0x30,0x20,0x31,0x20,0x30,0x20,0x31,0x34,0x2e,0x31,0x34,0x22,0x2f,0x3e,0x3c,
  0x2f,0x73,0x76,0x67,0x3e,0xa,
    // location.svg
  0x0,0x0,0x1,0xa,
  0x3c,
  0x73,0x76,0x67,0x20,0x78,0x6d,0x6c,0x6e,0x73,0x3d,0x22,0x68,0x74,0x74,0x70,0x3a,
  0x2f,0x2f,0x77,0x77,0x77,0x2e,0x77,0x33,0x2e,0x6f,0x72,0x67,0x2f,0x32,0x30,0x30,
  0x30,0x2f,0x73,0x76,0x67,0x22,0x20,0x76,0x69,0x65,0x77,0x42,0x6f,0x78,0x3d,0x22,
  0x30,0x20,0x30,0x20,0x32,0x34,0x20,0x32,0x34,0x22,0x20,0x66,0x69,0x6c,0x6c,0x3d,
  0x22,0x6e,0x6f,0x6e,0x65,0x22,0x20,0x73,0x74,0x72,0x6f,0x6b,0x65,0x3d,0x22,0x23,
  0x66,0x66,0x66,0x22,0x20,0x73,0x74,0x72,0x6f,0x6b,0x65,0x2d,0x77,0x69,0x64,0x74,
  0x68,0x3d,0x22,0x31,0x2e,0x38,0x22,0x20,0x73,0x74,0x72,0x6f,0x6b,0x65,0x2d,0x6c,
  0x69,0x6e,0x65,0x63,0x61,0x70,0x3d,0x22,0x72,0x6f,0x75,0x6e,0x64,0x22,0x20,0x73,
  0x74,0x72,0x6f,0x6b,0x65,0x2d,0x6c,0x69,0x6e,0x65,0x6a,0x6f,0x69,0x6e,0x3d,0x22,
  0x72,0x6f,0x75,0x6e,0x64,0x22,0x3e,0x3c,0x70,0x61,0x74,0x68,0x20,0x64,0x3d,0x22,
  0x4d,0x31,0x32,0x20,0x32,0x61,0x37,0x20,0x37,0x20,0x30,0x20,0x30,0x20,0x30,0x2d,
  0x37,0x20,0x37,0x63,0x30,0x20,0x35,0x2e,0x32,0x35,0x20,0x37,0x20,0x31,0x33,0x20,
  0x37,0x20,0x31,0x33,0x73,0x37,0x2d,0x37,0x2e,0x37,0x35,0x20,0x37,0x2d,0x31,0x33,
  0x61,0x37,0x20,0x37,0x20,0x30,0x20,0x30,0x20,0x30,0x2d,0x37,0x2d,0x37,0x7a,0x22,
  0x2f,0x3e,0x3c,0x63,0x69,0x72,0x63,0x6c,0x65,0x20,0x63,0x78,0x3d,0x22,0x31,0x32,
  0x22,0x20,0x63,0x79,0x3d,0x22,0x39,0x22,0x20,0x72,0x3d,0x22,0x32,0x2e,0x35,0x22,
  0x2f,0x3e,0x3c,0x2f,0x73,0x76,0x67,0x3e,0xa,
    // incognito.svg
  0x0,0x0,0x1,0x14,
  0x3c,
  0x73,0x76,0x67,0x20,0x78,0x6d,0x6c,0x6e,0x73,0x3d,0x22,0x68,0x74,0x74,0x70,0x3a,
  0x2f,0x2f,0x77,0x77,0x77,0x2e,0x77,0x33,0x2e,0x6f,0x72,0x67,0x2f,0x32,0x30,0x30,
  0x30,0x2f,0x73,0x76,0x67,0x22,0x20,0x76,0x69,0x65,0x77,0x42,0x6f,0x78,0x3d,0x22,
  0x30,0x20,0x30,0x20,0x32,0x34,0x20,0x32,0x34,0x22,0x20,0x66,0x69,0x6c,0x6c,0x3d,
  0x22,0x6e,0x6f,0x6e,0x65,0x22,0x20,0x73,0x74,0x72,0x6f,0x6b,0x65,0x3d,0x22,0x23,
  0x66,0x66,0x66,0x22,0x20,0x73,0x74,0x72,0x6f,0x6b,0x65,0x2d,0x77,0x69,0x64,0x74,
  0x68,0x3d,0x22,0x31,0x2e,0x38,0x22,0x20,0x73,0x74,0x72,0x6f,0x6b,0x65,0x2d,0x6c,
  0x69,0x6e,0x65,0x63,0x61,0x70,0x3d,0x22,0x72,0x6f,0x75,0x6e,0x64,0x22,0x20,0x73,
  0x74,0x72,0x6f,0x6b,0x65,0x2d,0x6c,0x69,0x6e,0x65,0x6a,0x6f,0x69,0x6e,0x3d,0x22,
  0x72,0x6f,0x75,0x6e,0x64,0x22,0x3e,0x3c,0x70,0x61,0x74,0x68,0x20,0x64,0x3d,0x22,
  0x6d,0x35,0x20,0x31,0x30,0x20,0x32,0x2d,0x36,0x68,0x31,0x30,0x6c,0x32,0x20,0x36,
  0x4d,0x33,0x20,0x31,0x30,0x68,0x31,0x38,0x22,0x2f,0x3e,0x3c,0x63,0x69,0x72,0x63,
  0x6c,0x65,0x20,0x63,0x78,0x3d,0x22,0x37,0x22,0x20,0x63,0x79,0x3d,0x22,0x31,0x35,
  0x22,0x20,0x72,0x3d,0x22,0x33,0x22,0x2f,0x3e,0x3c,0x63,0x69,0x72,0x63,0x6c,0x65,
  0x20,0x63,0x78,0x3d,0x22,0x31,0x37,0x22,0x20,0x63,0x79,0x3d,0x22,0x31,0x35,0x22,
  0x20,0x72,0x3d,0x22,0x33,0x22,0x2f,0x3e,0x3c,0x70,0x61,0x74,0x68,0x20,0x64,0x3d,
  0x22,0x4d,0x31,0x30,0x20,0x31,0x35,0x68,0x34,0x22,0x2f,0x3e,0x3c,0x2f,0x73,0x76,
  0x67,0x3e,0xa,
    // privacy.svg
  0x0,0x0,0x0,0xf5,
  0x3c,
  0x73,0x76,0x67,0x20,0x78,0x6d,0x6c,0x6e,0x73,0x3d,0x22,0x68,0x74,0x74,0x70,0x3a,
  0x2f,0x2f,0x77,0x77,0x77,0x2e,0x77,0x33,0x2e,0x6f,0x72,0x67,0x2f,0x32,0x30,0x30,
  0x30,0x2f,0x73,0x76,0x67,0x22,0x20,0x76,0x69,0x65,0x77,0x42,0x6f,0x78,0x3d,0x22,
  0x30,0x20,0x30,0x20,0x32,0x34,0x20,0x32,0x34,0x22,0x20,0x66,0x69,0x6c,0x6c,0x3d,
  0x22,0x6e,0x6f,0x6e,0x65,0x22,0x20,0x73,0x74,0x72,0x6f,0x6b,0x65,0x3d,0x22,0x23,
  0x66,0x66,0x66,0x22,0x20,0x73,0x74,0x72,0x6f,0x6b,0x65,0x2d,0x77,0x69,0x64,0x74,
  0x68,0x3d,0x22,0x31,0x2e,0x38,0x22,0x20,0x73,0x74,0x72,0x6f,0x6b,0x65,0x2d,0x6c,
  0x69,0x6e,0x65,0x63,0x61,0x70,0x3d,0x22,0x72,0x6f,0x75,0x6e,0x64,0x22,0x20,0x73,
  0x74,0x72,0x6f,0x6b,0x65,0x2d,0x6c,0x69,0x6e,0x65,0x6a,0x6f,0x69,0x6e,0x3d,0x22,
  0x72,0x6f,0x75,0x6e,0x64,0x22,0x3e,0x3c,0x70,0x61,0x74,0x68,0x20,0x64,0x3d,0x22,
  0x4d,0x31,0x32,0x20,0x33,0x20,0x32,0x30,0x20,0x36,0x76,0x35,0x63,0x30,0x20,0x35,
  0x2d,0x33,0x20,0x38,0x2d,0x38,0x20,0x31,0x30,0x2d,0x35,0x2d,0x32,0x2d,0x38,0x2d,
  0x35,0x2d,0x38,0x2d,0x31,0x30,0x56,0x36,0x5a,0x22,0x2f,0x3e,0x3c,0x70,0x61,0x74,
  0x68,0x20,0x64,0x3d,0x22,0x6d,0x38,0x2e,0x35,0x20,0x31,0x32,0x20,0x32,0x2e,0x32,
  0x20,0x32,0x2e,0x32,0x20,0x34,0x2e,0x38,0x2d,0x35,0x22,0x2f,0x3e,0x3c,0x2f,0x73,
  0x76,0x67,0x3e,0xa,
    // settings.svg
  0x0,0x0,0x1,0xaa,
  0x3c,
  0x73,0x76,0x67,0x20,0x78,0x6d,0x6c,0x6e,0x73,0x3d,0x22,0x68,0x74,0x74,0x70,0x3a,
  0x2f,0x2f,0x77,0x77,0x77,0x2e,0x77,0x33,0x2e,0x6f,0x72,0x67,0x2f,0x32,0x30,0x30,
  0x30,0x2f,0x73,0x76,0x67,0x22,0x20,0x76,0x69,0x65,0x77,0x42,0x6f,0x78,0x3d,0x22,
  0x30,0x20,0x30,0x20,0x32,0x34,0x20,0x32,0x34,0x22,0x20,0x66,0x69,0x6c,0x6c,0x3d,
  0x22,0x6e,0x6f,0x6e,0x65,0x22,0x20,0x73,0x74,0x72,0x6f,0x6b,0x65,0x3d,0x22,0x23,
  0x66,0x66,0x66,0x22,0x20,0x73,0x74,0x72,0x6f,0x6b,0x65,0x2d,0x77,0x69,0x64,0x74,
  0x68,0x3d,0x22,0x31,0x2e,0x38,0x22,0x20,0x73,0x74,0x72,0x6f,0x6b,0x65,0x2d,0x6c,
  0x69,0x6e,0x65,0x63,0x61,0x70,0x3d,0x22,0x72,0x6f,0x75,0x6e,0x64,0x22,0x20,0x73,
  0x74,0x72,0x6f,0x6b,0x65,0x2d,0x6c,0x69,0x6e,0x65,0x6a,0x6f,0x69,0x6e,0x3d,0x22,
  0x72,0x6f,0x75,0x6e,0x64,0x22,0x3e,0x3c,0x63,0x69,0x72,0x63,0x6c,0x65,0x20,0x63,
  0x78,0x3d,0x22,0x31,0x32,0x22,0x20,0x63,0x79,0x3d,0x22,0x31,0x32,0x22,0x20,0x72,
  0x3d,0x22,0x33,0x22,0x2f,0x3e,0x3c,0x70,0x61,0x74,0x68,0x20,0x64,0x3d,0x22,0x4d,
  0x31,0x39,0x20,0x31,0x32,0x61,0x37,0x20,0x37,0x20,0x30,0x20,0x30,0x20,0x30,0x2d,
  0x2e,0x31,0x2d,0x31,0x6c,0x32,0x2d,0x31,0x2e,0x35,0x2d,0x32,0x2d,0x33,0x2e,0x34,
  0x2d,0x32,0x2e,0x34,0x20,0x31,0x41,0x38,0x20,0x38,0x20,0x30,0x20,0x30,0x20,0x30,
  0x20,0x31,0x35,0x20,0x36,0x6c,0x2d,0x2e,0x34,0x2d,0x32,0x2e,0x36,0x68,0x2d,0x34,
  0x4c,0x31,0x30,0x20,0x36,0x61,0x38,0x20,0x38,0x20,0x30,0x20,0x30,0x20,0x30,0x2d,
  0x31,0x2e,0x35,0x20,0x31,0x2e,0x31,0x6c,0x2d,0x32,0x2e,0x34,0x2d,0x31,0x2d,0x32,
  0x20,0x33,0x2e,0x34,0x4c,0x36,0x2e,0x32,0x20,0x31,0x31,0x61,0x37,0x20,0x37,0x20,
  0x30,0x20,0x30,0x20,0x30,0x20,0x30,0x20,0x32,0x6c,0x2d,0x32,0x20,0x31,0x2e,0x35,
  0x20,0x32,0x20,0x33,0x2e,0x34,0x20,0x32,0x2e,0x33,0x2d,0x31,0x41,0x38,0x20,0x38,
  0x20,0x30,0x20,0x30,0x20,0x30,0x20,0x31,0x30,0x20,0x31,0x38,0x6c,0x2e,0x35,0x20,
  0x32,0x2e,0x36,0x68,0x34,0x4c,0x31,0x35,0x20,0x31,0x38,0x61,0x38,0x20,0x38,0x20,
  0x30,0x20,0x30,0x20,0x30,0x20,0x31,0x2e,0x35,0x2d,0x31,0x2e,0x31,0x6c,0x32,0x2e,
  0x34,0x20,0x31,0x20,0x32,0x2d,0x33,0x2e,0x34,0x2d,0x32,0x2d,0x31,0x2e,0x35,0x61,
  0x37,0x20,0x37,0x20,0x30,0x20,0x30,0x20,0x30,0x20,0x2e,0x31,0x2d,0x31,0x5a,0x22,
  0x2f,0x3e,0x3c,0x2f,0x73,0x76,0x67,0x3e,0xa,
    // trash.svg
  0x0,0x0,0x0,0xdc,
  0x3c,
  0x73,0x76,0x67,0x20,0x78,0x6d,0x6c,0x6e,0x73,0x3d,0x22,0x68,0x74,0x74,0x70,0x3a,
  0x2f,0x2f,0x77,0x77,0x77,0x2e,0x77,0x33,0x2e,0x6f,0x72,0x67,0x2f,0x32,0x30,0x30,
  0x30,0x2f,0x73,0x76,0x67,0x22,0x20,0x76,0x69,0x65,0x77,0x42,0x6f,0x78,0x3d,0x22,
  0x30,0x20,0x30,0x20,0x32,0x34,0x20,0x32,0x34,0x22,0x20,0x66,0x69,0x6c,0x6c,0x3d,
  0x22,0x6e,0x6f,0x6e,0x65,0x22,0x20,0x73,0x74,0x72,0x6f,0x6b,0x65,0x3d,0x22,0x23,
  0x66,0x66,0x66,0x22,0x20,0x73,0x74,0x72,0x6f,0x6b,0x65,0x2d,0x77,0x69,0x64,0x74,
  0x68,0x3d,0x22,0x31,0x2e,0x38,0x22,0x20,0x73,0x74,0x72,0x6f,0x6b,0x65,0x2d,0x6c,
  0x69,0x6e,0x65,0x63,0x61,0x70,0x3d,0x22,0x72,0x6f,0x75,0x6e,0x64,0x22,0x20,0x73,
  0x74,0x72,0x6f,0x6b,0x65,0x2d,0x6c,0x69,0x6e,0x65,0x6a,0x6f,0x69,0x6e,0x3d,0x22,
  0x72,0x6f,0x75,0x6e,0x64,0x22,0x3e,0x3c,0x70,0x61,0x74,0x68,0x20,0x64,0x3d,0x22,
  0x4d,0x34,0x20,0x37,0x68,0x31,0x36,0x4d,0x39,0x20,0x37,0x56,0x34,0x68,0x36,0x76,
  0x33,0x4d,0x37,0x20,0x37,0x6c,0x31,0x20,0x31,0x34,0x68,0x38,0x6c,0x31,0x2d,0x31,
  0x34,0x4d,0x31,0x30,0x20,0x31,0x31,0x76,0x36,0x4d,0x31,0x34,0x20,0x31,0x31,0x76,
  0x36,0x22,0x2f,0x3e,0x3c,0x2f,0x73,0x76,0x67,0x3e,0xa,
    // camera-slash.svg
  0x0,0x0,0x1,0x4b,
  0x3c,
  0x73,0x76,0x67,0x20,0x78,0x6d,0x6c,0x6e,0x73,0x3d,0x22,0x68,0x74,0x74,0x70,0x3a,
  0x2f,0x2f,0x77,0x77,0x77,0x2e,0x77,0x33,0x2e,0x6f,0x72,0x67,0x2f,0x32,0x30,0x30,
  0x30,0x2f,0x73,0x76,0x67,0x22,0x20,0x76,0x69,0x65,0x77,0x42,0x6f,0x78,0x3d,0x22,
  0x30,0x20,0x30,0x20,0x32,0x34,0x20,0x32,0x34,0x22,0x20,0x66,0x69,0x6c,0x6c,0x3d,
  0x22,0x6e,0x6f,0x6e,0x65,0x22,0x20,0x73,0x74,0x72,0x6f,0x6b,0x65,0x3d,0x22,0x23,
  0x66,0x66,0x66,0x22,0x20,0x73,0x74,0x72,0x6f,0x6b,0x65,0x2d,0x77,0x69,0x64,0x74,
  0x68,0x3d,0x22,0x31,0x2e,0x38,0x22,0x20,0x73,0x74,0x72,0x6f,0x6b,0x65,0x2d,0x6c,
  0x69,0x6e,0x65,0x63,0x61,0x70,0x3d,0x22,0x72,0x6f,0x75,0x6e,0x64,0x22,0x20,0x73,
  0x74,0x72,0x6f,0x6b,0x65,0x2d,0x6c,0x69,0x6e,0x65,0x6a,0x6f,0x69,0x6e,0x3d,0x22,
  0x72,0x6f,0x75,0x6e,0x64,0x22,0x3e,0x3c,0x70,0x61,0x74,0x68,0x20,0x64,0x3d,0x22,
  0x4d,0x31,0x34,0x2e,0x35,0x20,0x34,0x68,0x2d,0x35,0x4c,0x37,0x20,0x37,0x48,0x34,
  0x61,0x32,0x20,0x32,0x20,0x30,0x20,0x30,0x20,0x30,0x2d,0x32,0x20,0x32,0x76,0x39,
  0x61,0x32,0x20,0x32,0x20,0x30,0x20,0x30,0x20,0x30,0x20,0x32,0x20,0x32,0x68,0x31,
  0x36,0x61,0x32,0x20,0x32,0x20,0x30,0x20,0x30,0x20,0x30,0x20,0x32,0x2d,0x32,0x56,
  0x39,0x61,0x32,0x20,0x32,0x20,0x30,0x20,0x30,0x20,0x30,0x2d,0x32,0x2d,0x32,0x68,
  0x2d,0x33,0x6c,0x2d,0x32,0x2e,0x35,0x2d,0x33,0x7a,0x22,0x2f,0x3e,0x3c,0x63,0x69,
  0x72,0x63,0x6c,0x65,0x20,0x63,0x78,0x3d,0x22,0x31,0x32,0x22,0x20,0x63,0x79,0x3d,
  0x22,0x31,0x33,0x22,0x20,0x72,0x3d,0x22,0x33,0x2e,0x32,0x22,0x2f,0x3e,0x3c,0x6c,
  0x69,0x6e,0x65,0x20,0x78,0x31,0x3d,0x22,0x33,0x22,0x20,0x79,0x31,0x3d,0x22,0x33,
  0x22,0x20,0x78,0x32,0x3d,0x22,0x32,0x31,0x22,0x20,0x79,0x32,0x3d,0x22,0x32,0x31,
  0x22,0x2f,0x3e,0x3c,0x2f,0x73,0x76,0x67,0x3e,0xa,
    // mouse.svg
  0x0,0x0,0x0,0xf6,
  0x3c,
  0x73,0x76,0x67,0x20,0x78,0x6d,0x6c,0x6e,0x73,0x3d,0x22,0x68,0x74,0x74,0x70,0x3a,
  0x2f,0x2f,0x77,0x77,0x77,0x2e,0x77,0x33,0x2e,0x6f,0x72,0x67,0x2f,0x32,0x30,0x30,
  0x30,0x2f,0x73,0x76,0x67,0x22,0x20,0x76,0x69,0x65,0x77,0x42,0x6f,0x78,0x3d,0x22,
  0x30,0x20,0x30,0x20,0x32,0x34,0x20,0x32,0x34,0x22,0x20,0x66,0x69,0x6c,0x6c,0x3d,
  0x22,0x6e,0x6f,0x6e,0x65,0x22,0x20,0x73,0x74,0x72,0x6f,0x6b,0x65,0x3d,0x22,0x23,
  0x66,0x66,0x66,0x22,0x20,0x73,0x74,0x72,0x6f,0x6b,0x65,0x2d,0x77,0x69,0x64,0x74,
  0x68,0x3d,0x22,0x31,0x2e,0x38,0x22,0x20,0x73,0x74,0x72,0x6f,0x6b,0x65,0x2d,0x6c,
  0x69,0x6e,0x65,0x63,0x61,0x70,0x3d,0x22,0x72,0x6f,0x75,0x6e,0x64,0x22,0x20,0x73,
  0x74,0x72,0x6f,0x6b,0x65,0x2d,0x6c,0x69,0x6e,0x65,0x6a,0x6f,0x69,0x6e,0x3d,0x22,
  0x72,0x6f,0x75,0x6e,0x64,0x22,0x3e,0x3c,0x72,0x65,0x63,0x74,0x20,0x78,0x3d,0x22,
  0x36,0x22,0x20,0x79,0x3d,0x22,0x33,0x22,0x20,0x77,0x69,0x64,0x74,0x68,0x3d,0x22,
  0x31,0x32,0x22,0x20,0x68,0x65,0x69,0x67,0x68,0x74,0x3d,0x22,0x31,0x38,0x22,0x20,
  0x72,0x78,0x3d,0x22,0x36,0x22,0x2f,0x3e,0x3c,0x6c,0x69,0x6e,0x65,0x20,0x78,0x31,
  0x3d,0x22,0x31,0x32,0x22,0x20,0x79,0x31,0x3d,0x22,0x37,0x22,0x20,0x78,0x32,0x3d,
  0x22,0x31,0x32,0x22,0x20,0x79,0x32,0x3d,0x22,0x31,0x31,0x22,0x2f,0x3e,0x3c,0x2f,
  0x73,0x76,0x67,0x3e,0xa,
    // startup.svg
  0x0,0x0,0x1,0x4d,
  0x3c,
  0x73,0x76,0x67,0x20,0x78,0x6d,0x6c,0x6e,0x73,0x3d,0x22,0x68,0x74,0x74,0x70,0x3a,
  0x2f,0x2f,0x77,0x77,0x77,0x2e,0x77,0x33,0x2e,0x6f,0x72,0x67,0x2f,0x32,0x30,0x30,
  0x30,0x2f,0x73,0x76,0x67,0x22,0x20,0x76,0x69,0x65,0x77,0x42,0x6f,0x78,0x3d,0x22,
  0x30,0x20,0x30,0x20,0x32,0x34,0x20,0x32,0x34,0x22,0x20,0x66,0x69,0x6c,0x6c,0x3d,
  0x22,0x6e,0x6f,0x6e,0x65,0x22,0x20,0x73,0x74,0x72,0x6f,0x6b,0x65,0x3d,0x22,0x23,
  0x66,0x66,0x66,0x22,0x20,0x73,0x74,0x72,0x6f,0x6b,0x65,0x2d,0x77,0x69,0x64,0x74,
  0x68,0x3d,0x22,0x31,0x2e,0x38,0x22,0x20,0x73,0x74,0x72,0x6f,0x6b,0x65,0x2d,0x6c,
  0x69,0x6e,0x65,0x63,0x61,0x70,0x3d,0x22,0x72,0x6f,0x75,0x6e,0x64,0x22,0x20,0x73,
  0x74,0x72,0x6f,0x6b,0x65,0x2d,0x6c,0x69,0x6e,0x65,0x6a,0x6f,0x69,0x6e,0x3d,0x22,
  0x72,0x6f,0x75,0x6e,0x64,0x22,0x3e,0x3c,0x70,0x61,0x74,0x68,0x20,0x64,0x3d,0x22,
  0x4d,0x31,0x34,0x20,0x34,0x63,0x33,0x2d,0x31,0x20,0x35,0x2d,0x31,0x20,0x36,0x2d,
  0x31,0x20,0x30,0x20,0x34,0x2d,0x31,0x20,0x38,0x2d,0x35,0x20,0x31,0x31,0x6c,0x2d,
  0x34,0x2d,0x34,0x63,0x31,0x2d,0x33,0x20,0x32,0x2d,0x35,0x20,0x33,0x2d,0x36,0x5a,
  0x22,0x2f,0x3e,0x3c,0x70,0x61,0x74,0x68,0x20,0x64,0x3d,0x22,0x6d,0x31,0x31,0x20,
  0x31,0x30,0x2d,0x34,0x20,0x31,0x2d,0x33,0x20,0x33,0x20,0x35,0x20,0x31,0x20,0x31,
  0x20,0x35,0x20,0x33,0x2d,0x33,0x20,0x31,0x2d,0x34,0x22,0x2f,0x3e,0x3c,0x63,0x69,
  0x72,0x63,0x6c,0x65,0x20,0x63,0x78,0x3d,0x22,0x31,0x36,0x22,0x20,0x63,0x79,0x3d,
  0x22,0x37,0x22,0x20,0x72,0x3d,0x22,0x31,0x22,0x2f,0x3e,0x3c,0x70,0x61,0x74,0x68,
  0x20,0x64,0x3d,0x22,0x4d,0x36,0x20,0x31,0x38,0x63,0x2d,0x31,0x20,0x30,0x2d,0x32,
  0x20,0x31,0x2d,0x32,0x20,0x33,0x20,0x32,0x20,0x30,0x20,0x33,0x2d,0x31,0x20,0x33,
  0x2d,0x32,0x22,0x2f,0x3e,0x3c,0x2f,0x73,0x76,0x67,0x3e,0xa,
    // clipboard.svg
  0x0,0x0,0x0,0xfe,
  0x3c,
  0x73,0x76,0x67,0x20,0x78,0x6d,0x6c,0x6e,0x73,0x3d,0x22,0x68,0x74,0x74,0x70,0x3a,
  0x2f,0x2f,0x77,0x77,0x77,0x2e,0x77,0x33,0x2e,0x6f,0x72,0x67,0x2f,0x32,0x30,0x30,
  0x30,0x2f,0x73,0x76,0x67,0x22,0x20,0x76,0x69,0x65,0x77,0x42,0x6f,0x78,0x3d,0x22,
  0x30,0x20,0x30,0x20,0x32,0x34,0x20,0x32,0x34,0x22,0x20,0x66,0x69,0x6c,0x6c,0x3d,
  0x22,0x6e,0x6f,0x6e,0x65,0x22,0x20,0x73,0x74,0x72,0x6f,0x6b,0x65,0x3d,0x22,0x23,
  0x66,0x66,0x66,0x22,0x20,0x73,0x74,0x72,0x6f,0x6b,0x65,0x2d,0x77,0x69,0x64,0x74,
  0x68,0x3d,0x22,0x31,0x2e,0x38,0x22,0x20,0x73,0x74,0x72,0x6f,0x6b,0x65,0x2d,0x6c,
  0x69,0x6e,0x65,0x63,0x61,0x70,0x3d,0x22,0x72,0x6f,0x75,0x6e,0x64,0x22,0x20,0x73,
  0x74,0x72,0x6f,0x6b,0x65,0x2d,0x6c,0x69,0x6e,0x65,0x6a,0x6f,0x69,0x6e,0x3d,0x22,
  0x72,0x6f,0x75,0x6e,0x64,0x22,0x3e,0x3c,0x72,0x65,0x63,0x74,0x20,0x78,0x3d,0x22,
  0x35,0x22,0x20,0x79,0x3d,0x22,0x34,0x22,0x20,0x77,0x69,0x64,0x74,0x68,0x3d,0x22,
  0x31,0x34,0x22,0x20,0x68,0x65,0x69,0x67,0x68,0x74,0x3d,0x22,0x31,0x37,0x22,0x20,
  0x72,0x78,0x3d,0x22,0x32,0x22,0x2f,0x3e,0x3c,0x70,0x61,0x74,0x68,0x20,0x64,0x3d,
  0x22,0x4d,0x39,0x20,0x34,0x2e,0x35,0x56,0x33,0x68,0x36,0x76,0x31,0x2e,0x35,0x4d,
  0x38,0x20,0x39,0x68,0x38,0x4d,0x38,0x20,0x31,0x33,0x68,0x38,0x4d,0x38,0x20,0x31,
  0x37,0x68,0x35,0x22,0x2f,0x3e,0x3c,0x2f,0x73,0x76,0x67,0x3e,0xa,
    // exit.svg
  0x0,0x0,0x0,0xcc,
  0x3c,
  0x73,0x76,0x67,0x20,0x78,0x6d,0x6c,0x6e,0x73,0x3d,0x22,0x68,0x74,0x74,0x70,0x3a,
  0x2f,0x2f,0x77,0x77,0x77,0x2e,0x77,0x33,0x2e,0x6f,0x72,0x67,0x2f,0x32,0x30,0x30,
  0x30,0x2f,0x73,0x76,0x67,0x22,0x20,0x76,0x69,0x65,0x77,0x42,0x6f,0x78,0x3d,0x22,
  0x30,0x20,0x30,0x20,0x32,0x34,0x20,0x32,0x34,0x22,0x20,0x66,0x69,0x6c,0x6c,0x3d,
  0x22,0x6e,0x6f,0x6e,0x65,0x22,0x20,0x73,0x74,0x72,0x6f,0x6b,0x65,0x3d,0x22,0x23,
  0x66,0x66,0x66,0x22,0x20,0x73,0x74,0x72,0x6f,0x6b,0x65,0x2d,0x77,0x69,0x64,0x74,
  0x68,0x3d,0x22,0x31,0x2e,0x38,0x22,0x20,0x73,0x74,0x72,0x6f,0x6b,0x65,0x2d,0x6c,
  0x69,0x6e,0x65,0x63,0x61,0x70,0x3d,0x22,0x72,0x6f,0x75,0x6e,0x64,0x22,0x20,0x73,
  0x74,0x72,0x6f,0x6b,0x65,0x2d,0x6c,0x69,0x6e,0x65,0x6a,0x6f,0x69,0x6e,0x3d,0x22,
  0x72,0x6f,0x75,0x6e,0x64,0x22,0x3e,0x3c,0x70,0x61,0x74,0x68,0x20,0x64,0x3d,0x22,
  0x4d,0x31,0x30,0x20,0x34,0x48,0x34,0x76,0x31,0x36,0x68,0x36,0x4d,0x31,0x34,0x20,
  0x38,0x6c,0x34,0x20,0x34,0x2d,0x34,0x20,0x34,0x4d,0x38,0x20,0x31,0x32,0x68,0x31,
  0x30,0x22,0x2f,0x3e,0x3c,0x2f,0x73,0x76,0x67,0x3e,0xa,
    // close.svg
  0x0,0x0,0x0,0xa7,
  0x3c,
  0x73,0x76,0x67,0x20,0x78,0x6d,0x6c,0x6e,0x73,0x3d,0x22,0x68,0x74,0x74,0x70,0x3a,
  0x2f,0x2f,0x77,0x77,0x77,0x2e,0x77,0x33,0x2e,0x6f,0x72,0x67,0x2f,0x32,0x30,0x30,
  0x30,0x2f,0x73,0x76,0x67,0x22,0x20,0x76,0x69,0x65,0x77,0x42,0x6f,0x78,0x3d,0x22,
  0x30,0x20,0x30,0x20,0x32,0x34,0x20,0x32,0x34,0x22,0x20,0x66,0x69,0x6c,0x6c,0x3d,
  0x22,0x6e,0x6f,0x6e,0x65,0x22,0x20,0x73,0x74,0x72,0x6f,0x6b,0x65,0x3d,0x22,0x23,
  0x66,0x66,0x66,0x22,0x20,0x73,0x74,0x72,0x6f,0x6b,0x65,0x2d,0x77,0x69,0x64,0x74,
  0x68,0x3d,0x22,0x31,0x2e,0x38,0x22,0x20,0x73,0x74,0x72,0x6f,0x6b,0x65,0x2d,0x6c,
  0x69,0x6e,0x65,0x63,0x61,0x70,0x3d,0x22,0x72,0x6f,0x75,0x6e,0x64,0x22,0x3e,0x3c,
  0x70,0x61,0x74,0x68,0x20,0x64,0x3d,0x22,0x6d,0x36,0x20,0x36,0x20,0x31,0x32,0x20,
  0x31,0x32,0x4d,0x31,0x38,0x20,0x36,0x20,0x36,0x20,0x31,0x38,0x22,0x2f,0x3e,0x3c,
  0x2f,0x73,0x76,0x67,0x3e,0xa,
    // js-optimize.svg
  0x0,0x0,0x0,0xef,
  0x3c,
  0x73,0x76,0x67,0x20,0x78,0x6d,0x6c,0x6e,0x73,0x3d,0x22,0x68,0x74,0x74,0x70,0x3a,
  0x2f,0x2f,0x77,0x77,0x77,0x2e,0x77,0x33,0x2e,0x6f,0x72,0x67,0x2f,0x32,0x30,0x30,
  0x30,0x2f,0x73,0x76,0x67,0x22,0x20,0x76,0x69,0x65,0x77,0x42,0x6f,0x78,0x3d,0x22,
  0x30,0x20,0x30,0x20,0x32,0x34,0x20,0x32,0x34,0x22,0x20,0x66,0x69,0x6c,0x6c,0x3d,
  0x22,0x6e,0x6f,0x6e,0x65,0x22,0x20,0x73,0x74,0x72,0x6f,0x6b,0x65,0x3d,0x22,0x23,
  0x66,0x66,0x66,0x22,0x20,0x73,0x74,0x72,0x6f,0x6b,0x65,0x2d,0x77,0x69,0x64,0x74,
  0x68,0x3d,0x22,0x31,0x2e,0x38,0x22,0x20,0x73,0x74,0x72,0x6f,0x6b,0x65,0x2d,0x6c,
  0x69,0x6e,0x65,0x63,0x61,0x70,0x3d,0x22,0x72,0x6f,0x75,0x6e,0x64,0x22,0x20,0x73,
  0x74,0x72,0x6f,0x6b,0x65,0x2d,0x6c,0x69,0x6e,0x65,0x6a,0x6f,0x69,0x6e,0x3d,0x22,
  0x72,0x6f,0x75,0x6e,0x64,0x22,0x3e,0x3c,0x70,0x61,0x74,0x68,0x20,0x64,0x3d,0x22,
  0x4d,0x31,0x32,0x20,0x32,0x32,0x73,0x38,0x2d,0x34,0x20,0x38,0x2d,0x31,0x30,0x56,
  0x35,0x6c,0x2d,0x38,0x2d,0x33,0x2d,0x38,0x20,0x33,0x76,0x37,0x63,0x30,0x20,0x36,
  0x20,0x38,0x20,0x31,0x30,0x20,0x38,0x20,0x31,0x30,0x7a,0x22,0x2f,0x3e,0x3c,0x70,
  0x61,0x74,0x68,0x20,0x64,0x3d,0x22,0x6d,0x39,0x20,0x31,0x32,0x20,0x32,0x20,0x32,
  0x20,0x34,0x2d,0x34,0x22,0x2f,0x3e,0x3c,0x2f,0x73,0x76,0x67,0x3e,0xa,
    // fullscreen.svg
  0x0,0x0,0x1,0x2b,
  0x3c,
  0x73,0x76,0x67,0x20,0x78,0x6d,0x6c,0x6e,0x73,0x3d,0x22,0x68,0x74,0x74,0x70,0x3a,
  0x2f,0x2f,0x77,0x77,0x77,0x2e,0x77,0x33,0x2e,0x6f,0x72,0x67,0x2f,0x32,0x30,0x30,
  0x30,0x2f,0x73,0x76,0x67,0x22,0x20,0x76,0x69,0x65,0x77,0x42,0x6f,0x78,0x3d,0x22,
  0x30,0x20,0x30,0x20,0x32,0x34,0x20,0x32,0x34,0x22,0x20,0x66,0x69,0x6c,0x6c,0x3d,
  0x22,0x6e,0x6f,0x6e,0x65,0x22,0x20,0x73,0x74,0x72,0x6f,0x6b,0x65,0x3d,0x22,0x23,
  0x66,0x66,0x66,0x22,0x20,0x73,0x74,0x72,0x6f,0x6b,0x65,0x2d,0x77,0x69,0x64,0x74,
  0x68,0x3d,0x22,0x31,0x2e,0x38,0x22,0x20,0x73,0x74,0x72,0x6f,0x6b,0x65,0x2d,0x6c,
  0x69,0x6e,0x65,0x63,0x61,0x70,0x3d,0x22,0x72,0x6f,0x75,0x6e,0x64,0x22,0x20,0x73,
  0x74,0x72,0x6f,0x6b,0x65,0x2d,0x6c,0x69,0x6e,0x65,0x6a,0x6f,0x69,0x6e,0x3d,0x22,
  0x72,0x6f,0x75,0x6e,0x64,0x22,0x3e,0x3c,0x70,0x6f,0x6c,0x79,0x6c,0x69,0x6e,0x65,
  0x20,0x70,0x6f,0x69,0x6e,0x74,0x73,0x3d,0x22,0x31,0x35,0x20,0x33,0x20,0x32,0x31,
  0x20,0x33,0x20,0x32,0x31,0x20,0x39,0x22,0x2f,0x3e,0x3c,0x70,0x6f,0x6c,0x79,0x6c,
  0x69,0x6e,0x65,0x20,0x70,0x6f,0x69,0x6e,0x74,0x73,0x3d,0x22,0x39,0x20,0x32,0x31,
  0x20,0x33,0x20,0x32,0x31,0x20,0x33,0x20,0x31,0x35,0x22,0x2f,0x3e,0x3c,0x70,0x6f,
  0x6c,0x79,0x6c,0x69,0x6e,0x65,0x20,0x70,0x6f,0x69,0x6e,0x74,0x73,0x3d,0x22,0x32,
  0x31,0x20,0x31,0x35,0x20,0x32,0x31,0x20,0x32,0x31,0x20,0x31,0x35,0x20,0x32,0x31,
  0x22,0x2f,0x3e,0x3c,0x70,0x6f,0x6c,0x79,0x6c,0x69,0x6e,0x65,0x20,0x70,0x6f,0x69,
  0x6e,0x74,0x73,0x3d,0x22,0x33,0x20,0x39,0x20,0x33,0x20,0x33,0x20,0x39,0x20,0x33,
  0x22,0x2f,0x3e,0x3c,0x2f,0x73,0x76,0x67,0x3e,0xa,
    // camera.svg
  0x0,0x0,0x1,0x26,
  0x3c,
  0x73,0x76,0x67,0x20,0x78,0x6d,0x6c,0x6e,0x73,0x3d,0x22,0x68,0x74,0x74,0x70,0x3a,
  0x2f,0x2f,0x77,0x77,0x77,0x2e,0x77,0x33,0x2e,0x6f,0x72,0x67,0x2f,0x32,0x30,0x30,
  0x30,0x2f,0x73,0x76,0x67,0x22,0x20,0x76,0x69,0x65,0x77,0x42,0x6f,0x78,0x3d,0x22,
  0x30,0x20,0x30,0x20,0x32,0x34,0x20,0x32,0x34,0x22,0x20,0x66,0x69,0x6c,0x6c,0x3d,
  0x22,0x6e,0x6f,0x6e,0x65,0x22,0x20,0x73,0x74,0x72,0x6f,0x6b,0x65,0x3d,0x22,0x23,
  0x66,0x66,0x66,0x22,0x20,0x73,0x74,0x72,0x6f,0x6b,0x65,0x2d,0x77,0x69,0x64,0x74,
  0x68,0x3d,0x22,0x31,0x2e,0x38,0x22,0x20,0x73,0x74,0x72,0x6f,0x6b,0x65,0x2d,0x6c,
  0x69,0x6e,0x65,0x63,0x61,0x70,0x3d,0x22,0x72,0x6f,0x75,0x6e,0x64,0x22,0x20,0x73,
  0x74,0x72,0x6f,0x6b,0x65,0x2d,0x6c,0x69,0x6e,0x65,0x6a,0x6f,0x69,0x6e,0x3d,0x22,
  0x72,0x6f,0x75,0x6e,0x64,0x22,0x3e,0x3c,0x70,0x61,0x74,0x68,0x20,0x64,0x3d,0x22,
  0x4d,0x31,0x34,0x2e,0x35,0x20,0x34,0x68,0x2d,0x35,0x4c,0x37,0x20,0x37,0x48,0x34,
  0x61,0x32,0x20,0x32,0x20,0x30,0x20,0x30,0x20,0x30,0x2d,0x32,0x20,0x32,0x76,0x39,
  0x61,0x32,0x20,0x32,0x20,0x30,0x20,0x30,0x20,0x30,0x20,0x32,0x20,0x32,0x68,0x31,
  0x36,0x61,0x32,0x20,0x32,0x20,0x30,0x20,0x30,0x20,0x30,0x20,0x32,0x2d,0x32,0x56,
  0x39,0x61,0x32,0x20,0x32,0x20,0x30,0x20,0x30,0x20,0x30,0x2d,0x32,0x2d,0x32,0x68,
  0x2d,0x33,0x6c,0x2d,0x32,0x2e,0x35,0x2d,0x33,0x7a,0x22,0x2f,0x3e,0x3c,0x63,0x69,
  0x72,0x63,0x6c,0x65,0x20,0x63,0x78,0x3d,0x22,0x31,0x32,0x22,0x20,0x63,0x79,0x3d,
  0x22,0x31,0x33,0x22,0x20,0x72,0x3d,0x22,0x33,0x2e,0x32,0x22,0x2f,0x3e,0x3c,0x2f,
  0x73,0x76,0x67,0x3e,0xa,
    // microphone.svg
  0x0,0x0,0x1,0x3,
  0x3c,
  0x73,0x76,0x67,0x20,0x78,0x6d,0x6c,0x6e,0x73,0x3d,0x22,0x68,0x74,0x74,0x70,0x3a,
  0x2f,0x2f,0x77,0x77,0x77,0x2e,0x77,0x33,0x2e,0x6f,0x72,0x67,0x2f,0x32,0x30,0x30,
  0x30,0x2f,0x73,0x76,0x67,0x22,0x20,0x76,0x69,0x65,0x77,0x42,0x6f,0x78,0x3d,0x22,
  0x30,0x20,0x30,0x20,0x32,0x34,0x20,0x32,0x34,0x22,0x20,0x66,0x69,0x6c,0x6c,0x3d,
  0x22,0x6e,0x6f,0x6e,0x65,0x22,0x20,0x73,0x74,0x72,0x6f,0x6b,0x65,0x3d,0x22,0x23,
  0x66,0x66,0x66,0x22,0x20,0x73,0x74,0x72,0x6f,0x6b,0x65,0x2d,0x77,0x69,0x64,0x74,
  0x68,0x3d,0x22,0x31,0x2e,0x38,0x22,0x20,0x73,0x74,0x72,0x6f,0x6b,0x65,0x2d,0x6c,
  0x69,0x6e,0x65,0x63,0x61,0x70,0x3d,0x22,0x72,0x6f,0x75,0x6e,0x64,0x22,0x20,0x73,
  0x74,0x72,0x6f,0x6b,0x65,0x2d,0x6c,0x69,0x6e,0x65,0x6a,0x6f,0x69,0x6e,0x3d,0x22,
  0x72,0x6f,0x75,0x6e,0x64,0x22,0x3e,0x3c,0x72,0x65,0x63,0x74,0x20,0x78,0x3d,0x22,
  0x39,0x22,0x20,0x79,0x3d,0x22,0x32,0x22,0x20,0x77,0x69,0x64,0x74,0x68,0x3d,0x22,
  0x36,0x22,0x20,0x68,0x65,0x69,0x67,0x68,0x74,0x3d,0x22,0x31,0x31,0x22,0x20,0x72,
  0x78,0x3d,0x22,0x33,0x22,0x2f,0x3e,0x3c,0x70,0x61,0x74,0x68,0x20,0x64,0x3d,0x22,
  0x4d,0x35,0x20,0x31,0x30,0x76,0x31,0x61,0x37,0x20,0x37,0x20,0x30,0x20,0x30,0x20,
  0x30,0x20,0x31,0x34,0x20,0x30,0x76,0x2d,0x31,0x4d,0x31,0x32,0x20,0x31,0x38,0x76,
  0x34,0x4d,0x38,0x20,0x32,0x32,0x68,0x38,0x22,0x2f,0x3e,0x3c,0x2f,0x73,0x76,0x67,
  0x3e,0xa,
    // pdf.svg
  0x0,0x0,0x1,0x2e,
  0x3c,
  0x73,0x76,0x67,0x20,0x78,0x6d,0x6c,0x6e,0x73,0x3d,0x22,0x68,0x74,0x74,0x70,0x3a,
  0x2f,0x2f,0x77,0x77,0x77,0x2e,0x77,0x33,0x2e,0x6f,0x72,0x67,0x2f,0x32,0x30,0x30,
  0x30,0x2f,0x73,0x76,0x67,0x22,0x20,0x76,0x69,0x65,0x77,0x42,0x6f,0x78,0x3d,0x22,
  0x30,0x20,0x30,0x20,0x32,0x34,0x20,0x32,0x34,0x22,0x20,0x66,0x69,0x6c,0x6c,0x3d,
  0x22,0x6e,0x6f,0x6e,0x65,0x22,0x20,0x73,0x74,0x72,0x6f,0x6b,0x65,0x3d,0x22,0x23,
  0x66,0x66,0x66,0x22,0x20,0x73,0x74,0x72,0x6f,0x6b,0x65,0x2d,0x77,0x69,0x64,0x74,
  0x68,0x3d,0x22,0x31,0x2e,0x38,0x22,0x20,0x73,0x74,0x72,0x6f,0x6b,0x65,0x2d,0x6c,
  0x69,0x6e,0x65,0x63,0x61,0x70,0x3d,0x22,0x72,0x6f,0x75,0x6e,0x64,0x22,0x20,0x73,
  0x74,0x72,0x6f,0x6b,0x65,0x2d,0x6c,0x69,0x6e,0x65,0x6a,0x6f,0x69,0x6e,0x3d,0x22,
  0x72,0x6f,0x75,0x6e,0x64,0x22,0x3e,0x3c,0x70,0x61,0x74,0x68,0x20,0x64,0x3d,0x22,
  0x4d,0x31,0x34,0x20,0x32,0x48,0x36,0x61,0x32,0x20,0x32,0x20,0x30,0x20,0x30,0x20,
  0x30,0x2d,0x32,0x20,0x32,0x76,0x31,0x36,0x61,0x32,0x20,0x32,0x20,0x30,0x20,0x30,
  0x20,0x30,0x20,0x32,0x20,0x32,0x68,0x31,0x32,0x61,0x32,0x20,0x32,0x20,0x30,0x20,
  0x30,0x20,0x30,0x20,0x32,0x2d,0x32,0x56,0x38,0x7a,0x22,0x2f,0x3e,0x3c,0x70,0x6f,
  0x6c,0x79,0x6c,0x69,0x6e,0x65,0x20,0x70,0x6f,0x69,0x6e,0x74,0x73,0x3d,0x22,0x31,
  0x34,0x20,0x32,0x20,0x31,0x34,0x20,0x38,0x20,0x32,0x30,0x20,0x38,0x22,0x2f,0x3e,
  0x3c,0x6c,0x69,0x6e,0x65,0x20,0x78,0x31,0x3d,0x22,0x39,0x22,0x20,0x79,0x31,0x3d,
  0x22,0x31,0x35,0x22,0x20,0x78,0x32,0x3d,0x22,0x31,0x35,0x22,0x20,0x79,0x32,0x3d,
  0x22,0x31,0x35,0x22,0x2f,0x3e,0x3c,0x2f,0x73,0x76,0x67,0x3e,0xa,
    // appearance.svg
  0x0,0x0,0x1,0x61,
  0x3c,
  0x73,0x76,0x67,0x20,0x78,0x6d,0x6c,0x6e,0x73,0x3d,0x22,0x68,0x74,0x74,0x70,0x3a,
  0x2f,0x2f,0x77,0x77,0x77,0x2e,0x77,0x33,0x2e,0x6f,0x72,0x67,0x2f,0x32,0x30,0x30,
  0x30,0x2f,0x73,0x76,0x67,0x22,0x20,0x76,0x69,0x65,0x77,0x42,0x6f,0x78,0x3d,0x22,
  0x30,0x20,0x30,0x20,0x32,0x34,0x20,0x32,0x34,0x22,0x20,0x66,0x69,0x6c,0x6c,0x3d,
  0x22,0x6e,0x6f,0x6e,0x65,0x22,0x20,0x73,0x74,0x72,0x6f,0x6b,0x65,0x3d,0x22,0x23,
  0x66,0x66,0x66,0x22,0x20,0x73,0x74,0x72,0x6f,0x6b,0x65,0x2d,0x77,0x69,0x64,0x74,
  0x68,0x3d,0x22,0x31,0x2e,0x38,0x22,0x20,0x73,0x74,0x72,0x6f,0x6b,0x65,0x2d,0x6c,
  0x69,0x6e,0x65,0x63,0x61,0x70,0x3d,0x22,0x72,0x6f,0x75,0x6e,0x64,0x22,0x20,0x73,
  0x74,0x72,0x6f,0x6b,0x65,0x2d,0x6c,0x69,0x6e,0x65,0x6a,0x6f,0x69,0x6e,0x3d,0x22,
  0x72,0x6f,0x75,0x6e,0x64,0x22,0x3e,0x3c,0x70,0x61,0x74,0x68,0x20,0x64,0x3d,0x22,
  0x4d,0x31,0x32,0x20,0x33,0x61,0x39,0x20,0x39,0x20,0x30,0x20,0x31,0x20,0x30,0x20,
  0x30,0x20,0x31,0x38,0x68,0x31,0x2e,0x35,0x61,0x31,0x2e,0x35,0x20,0x31,0x2e,0x35,
  0x20,0x30,0x20,0x30,0x20,0x30,0x20,0x30,0x2d,0x33,0x48,0x31,0x32,0x61,0x32,0x20,
  0x32,0x20,0x30,0x20,0x30,0x20,0x31,0x20,0x30,0x2d,0x34,0x68,0x34,0x61,0x35,0x20,
  0x35,0x20,0x30,0x20,0x30,0x20,0x30,0x20,0x35,0x2d,0x35,0x63,0x30,0x2d,0x34,0x2d,
  0x34,0x2d,0x36,0x2d,0x39,0x2d,0x36,0x5a,0x22,0x2f,0x3e,0x3c,0x63,0x69,0x72,0x63,
  0x6c,0x65,0x20,0x63,0x78,0x3d,0x22,0x37,0x2e,0x35,0x22,0x20,0x63,0x79,0x3d,0x22,
  0x31,0x30,0x22,0x20,0x72,0x3d,0x22,0x31,0x22,0x2f,0x3e,0x3c,0x63,0x69,0x72,0x63,
  0x6c,0x65,0x20,0x63,0x78,0x3d,0x22,0x31,0x30,0x22,0x20,0x63,0x79,0x3d,0x22,0x36,
  0x2e,0x35,0x22,0x20,0x72,0x3d,0x22,0x31,0x22,0x2f,0x3e,0x3c,0x63,0x69,0x72,0x63,
  0x6c,0x65,0x20,0x63,0x78,0x3d,0x22,0x31,0x35,0x22,0x20,0x63,0x79,0x3d,0x22,0x37,
  0x22,0x20,0x72,0x3d,0x22,0x31,0x22,0x2f,0x3e,0x3c,0x2f,0x73,0x76,0x67,0x3e,0xa,
  
    // image.svg
  0x0,0x0,0x1,0x18,
  0x3c,
  0x73,0x76,0x67,0x20,0x78,0x6d,0x6c,0x6e,0x73,0x3d,0x22,0x68,0x74,0x74,0x70,0x3a,
  0x2f,0x2f,0x77,0x77,0x77,0x2e,0x77,0x33,0x2e,0x6f,0x72,0x67,0x2f,0x32,0x30,0x30,
  0x30,0x2f,0x73,0x76,0x67,0x22,0x20,0x76,0x69,0x65,0x77,0x42,0x6f,0x78,0x3d,0x22,
  0x30,0x20,0x30,0x20,0x32,0x34,0x20,0x32,0x34,0x22,0x20,0x66,0x69,0x6c,0x6c,0x3d,
  0x22,0x6e,0x6f,0x6e,0x65,0x22,0x20,0x73,0x74,0x72,0x6f,0x6b,0x65,0x3d,0x22,0x23,
  0x66,0x66,0x66,0x22,0x20,0x73,0x74,0x72,0x6f,0x6b,0x65,0x2d,0x77,0x69,0x64,0x74,
  0x68,0x3d,0x22,0x31,0x2e,0x38,0x22,0x20,0x73,0x74,0x72,0x6f,0x6b,0x65,0x2d,0x6c,
  0x69,0x6e,0x65,0x63,0x61,0x70,0x3d,0x22,0x72,0x6f,0x75,0x6e,0x64,0x22,0x20,0x73,
  0x74,0x72,0x6f,0x6b,0x65,0x2d,0x6c,0x69,0x6e,0x65,0x6a,0x6f,0x69,0x6e,0x3d,0x22,
  0x72,0x6f,0x75,0x6e,0x64,0x22,0x3e,0x3c,0x72,0x65,0x63,0x74,0x20,0x78,0x3d,0x22,
  0x33,0x22,0x20,0x79,0x3d,0x22,0x33,0x22,0x20,0x77,0x69,0x64,0x74,0x68,0x3d,0x22,
  0x31,0x38,0x22,0x20,0x68,0x65,0x69,0x67,0x68,0x74,0x3d,0x22,0x31,0x38,0x22,0x20,
  0x72,0x78,0x3d,0x22,0x33,0x22,0x2f,0x3e,0x3c,0x63,0x69,0x72,0x63,0x6c,0x65,0x20,
  0x63,0x78,0x3d,0x22,0x38,0x2e,0x35,0x22,0x20,0x63,0x79,0x3d,0x22,0x38,0x2e,0x35,
  0x22,0x20,0x72,0x3d,0x22,0x31,0x2e,0x35,0x22,0x2f,0x3e,0x3c,0x70,0x6f,0x6c,0x79,
  0x6c,0x69,0x6e,0x65,0x20,0x70,0x6f,0x69,0x6e,0x74,0x73,0x3d,0x22,0x32,0x31,0x20,
  0x31,0x35,0x20,0x31,0x36,0x20,0x31,0x30,0x20,0x35,0x20,0x32,0x31,0x22,0x2f,0x3e,
  0x3c,0x2f,0x73,0x76,0x67,0x3e,0xa,
    // search.svg
  0x0,0x0,0x0,0xc6,
  0x3c,
  0x73,0x76,0x67,0x20,0x78,0x6d,0x6c,0x6e,0x73,0x3d,0x22,0x68,0x74,0x74,0x70,0x3a,
  0x2f,0x2f,0x77,0x77,0x77,0x2e,0x77,0x33,0x2e,0x6f,0x72,0x67,0x2f,0x32,0x30,0x30,
  0x30,0x2f,0x73,0x76,0x67,0x22,0x20,0x76,0x69,0x65,0x77,0x42,0x6f,0x78,0x3d,0x22,
  0x30,0x20,0x30,0x20,0x32,0x34,0x20,0x32,0x34,0x22,0x20,0x66,0x69,0x6c,0x6c,0x3d,
  0x22,0x6e,0x6f,0x6e,0x65,0x22,0x20,0x73,0x74,0x72,0x6f,0x6b,0x65,0x3d,0x22,0x23,
  0x66,0x66,0x66,0x22,0x20,0x73,0x74,0x72,0x6f,0x6b,0x65,0x2d,0x77,0x69,0x64,0x74,
  0x68,0x3d,0x22,0x31,0x2e,0x38,0x22,0x20,0x73,0x74,0x72,0x6f,0x6b,0x65,0x2d,0x6c,
  0x69,0x6e,0x65,0x63,0x61,0x70,0x3d,0x22,0x72,0x6f,0x75,0x6e,0x64,0x22,0x3e,0x3c,
  0x63,0x69,0x72,0x63,0x6c,0x65,0x20,0x63,0x78,0x3d,0x22,0x31,0x30,0x2e,0x35,0x22,
  0x20,0x63,0x79,0x3d,0x22,0x31,0x30,0x2e,0x35,0x22,0x20,0x72,0x3d,0x22,0x36,0x2e,
  0x35,0x22,0x2f,0x3e,0x3c,0x70,0x61,0x74,0x68,0x20,0x64,0x3d,0x22,0x6d,0x31,0x35,
  0x2e,0x35,0x20,0x31,0x35,0x2e,0x35,0x20,0x35,0x20,0x35,0x22,0x2f,0x3e,0x3c,0x2f,
  0x73,0x76,0x67,0x3e,0xa,
    // microphone-slash.svg
  0x0,0x0,0x1,0x28,
  0x3c,
  0x73,0x76,0x67,0x20,0x78,0x6d,0x6c,0x6e,0x73,0x3d,0x22,0x68,0x74,0x74,0x70,0x3a,
  0x2f,0x2f,0x77,0x77,0x77,0x2e,0x77,0x33,0x2e,0x6f,0x72,0x67,0x2f,0x32,0x30,0x30,
  0x30,0x2f,0x73,0x76,0x67,0x22,0x20,0x76,0x69,0x65,0x77,0x42,0x6f,0x78,0x3d,0x22,
  0x30,0x20,0x30,0x20,0x32,0x34,0x20,0x32,0x34,0x22,0x20,0x66,0x69,0x6c,0x6c,0x3d,
  0x22,0x6e,0x6f,0x6e,0x65,0x22,0x20,0x73,0x74,0x72,0x6f,0x6b,0x65,0x3d,0x22,0x23,
  0x66,0x66,0x66,0x22,0x20,0x73,0x74,0x72,0x6f,0x6b,0x65,0x2d,0x77,0x69,0x64,0x74,
  0x68,0x3d,0x22,0x31,0x2e,0x38,0x22,0x20,0x73,0x74,0x72,0x6f,0x6b,0x65,0x2d,0x6c,
  0x69,0x6e,0x65,0x63,0x61,0x70,0x3d,0x22,0x72,0x6f,0x75,0x6e,0x64,0x22,0x20,0x73,
  0x74,0x72,0x6f,0x6b,0x65,0x2d,0x6c,0x69,0x6e,0x65,0x6a,0x6f,0x69,0x6e,0x3d,0x22,
  0x72,0x6f,0x75,0x6e,0x64,0x22,0x3e,0x3c,0x72,0x65,0x63,0x74,0x20,0x78,0x3d,0x22,
  0x39,0x22,0x20,0x79,0x3d,0x22,0x32,0x22,0x20,0x77,0x69,0x64,0x74,0x68,0x3d,0x22,
  0x36,0x22,0x20,0x68,0x65,0x69,0x67,0x68,0x74,0x3d,0x22,0x31,0x31,0x22,0x20,0x72,
  0x78,0x3d,0x22,0x33,0x22,0x2f,0x3e,0x3c,0x70,0x61,0x74,0x68,0x20,0x64,0x3d,0x22,
  0x4d,0x35,0x20,0x31,0x30,0x76,0x31,0x61,0x37,0x20,0x37,0x20,0x30,0x20,0x30,0x20,
  0x30,0x20,0x31,0x34,0x20,0x30,0x76,0x2d,0x31,0x4d,0x31,0x32,0x20,0x31,0x38,0x76,
  0x34,0x4d,0x38,0x20,0x32,0x32,0x68,0x38,0x22,0x2f,0x3e,0x3c,0x6c,0x69,0x6e,0x65,
  0x20,0x78,0x31,0x3d,0x22,0x33,0x22,0x20,0x79,0x31,0x3d,0x22,0x33,0x22,0x20,0x78,
  0x32,0x3d,0x22,0x32,0x31,0x22,0x20,0x79,0x32,0x3d,0x22,0x32,0x31,0x22,0x2f,0x3e,
  0x3c,0x2f,0x73,0x76,0x67,0x3e,0xa,
    // password.svg
  0x0,0x0,0x0,0xe1,
  0x3c,
  0x73,0x76,0x67,0x20,0x78,0x6d,0x6c,0x6e,0x73,0x3d,0x22,0x68,0x74,0x74,0x70,0x3a,
  0x2f,0x2f,0x77,0x77,0x77,0x2e,0x77,0x33,0x2e,0x6f,0x72,0x67,0x2f,0x32,0x30,0x30,
  0x30,0x2f,0x73,0x76,0x67,0x22,0x20,0x76,0x69,0x65,0x77,0x42,0x6f,0x78,0x3d,0x22,
  0x30,0x20,0x30,0x20,0x32,0x34,0x20,0x32,0x34,0x22,0x20,0x66,0x69,0x6c,0x6c,0x3d,
  0x22,0x6e,0x6f,0x6e,0x65,0x22,0x20,0x73,0x74,0x72,0x6f,0x6b,0x65,0x3d,0x22,0x23,
  0x66,0x66,0x66,0x22,0x20,0x73,0x74,0x72,0x6f,0x6b,0x65,0x2d,0x77,0x69,0x64,0x74,
  0x68,0x3d,0x22,0x31,0x2e,0x38,0x22,0x20,0x73,0x74,0x72,0x6f,0x6b,0x65,0x2d,0x6c,
  0x69,0x6e,0x65,0x63,0x61,0x70,0x3d,0x22,0x72,0x6f,0x75,0x6e,0x64,0x22,0x20,0x73,
  0x74,0x72,0x6f,0x6b,0x65,0x2d,0x6c,0x69,0x6e,0x65,0x6a,0x6f,0x69,0x6e,0x3d,0x22,
  0x72,0x6f,0x75,0x6e,0x64,0x22,0x3e,0x3c,0x63,0x69,0x72,0x63,0x6c,0x65,0x20,0x63,
  0x78,0x3d,0x22,0x38,0x22,0x20,0x63,0x79,0x3d,0x22,0x31,0x32,0x22,0x20,0x72,0x3d,
  0x22,0x34,0x22,0x2f,0x3e,0x3c,0x70,0x61,0x74,0x68,0x20,0x64,0x3d,0x22,0x4d,0x31,
  0x32,0x20,0x31,0x32,0x68,0x39,0x4d,0x31,0x37,0x20,0x31,0x32,0x76,0x33,0x4d,0x32,
  0x30,0x20,0x31,0x32,0x76,0x32,0x22,0x2f,0x3e,0x3c,0x2f,0x73,0x76,0x67,0x3e,0xa,
  
    // restore.svg
  0x0,0x0,0x0,0xd4,
  0x3c,
  0x73,0x76,0x67,0x20,0x78,0x6d,0x6c,0x6e,0x73,0x3d,0x22,0x68,0x74,0x74,0x70,0x3a,
  0x2f,0x2f,0x77,0x77,0x77,0x2e,0x77,0x33,0x2e,0x6f,0x72,0x67,0x2f,0x32,0x30,0x30,
  0x30,0x2f,0x73,0x76,0x67,0x22,0x20,0x76,0x69,0x65,0x77,0x42,0x6f,0x78,0x3d,0x22,
  0x30,0x20,0x30,0x20,0x32,0x34,0x20,0x32,0x34,0x22,0x20,0x66,0x69,0x6c,0x6c,0x3d,
  0x22,0x6e,0x6f,0x6e,0x65,0x22,0x20,0x73,0x74,0x72,0x6f,0x6b,0x65,0x3d,0x22,0x23,
  0x66,0x66,0x66,0x22,0x20,0x73,0x74,0x72,0x6f,0x6b,0x65,0x2d,0x77,0x69,0x64,0x74,
  0x68,0x3d,0x22,0x31,0x2e,0x38,0x22,0x20,0x73,0x74,0x72,0x6f,0x6b,0x65,0x2d,0x6c,
  0x69,0x6e,0x65,0x6a,0x6f,0x69,0x6e,0x3d,0x22,0x72,0x6f,0x75,0x6e,0x64,0x22,0x3e,
  0x3c,0x70,0x61,0x74,0x68,0x20,0x64,0x3d,0x22,0x4d,0x38,0x20,0x38,0x56,0x35,0x68,
  0x31,0x31,0x76,0x31,0x31,0x68,0x2d,0x33,0x22,0x2f,0x3e,0x3c,0x72,0x65,0x63,0x74,
  0x20,0x78,0x3d,0x22,0x35,0x22,0x20,0x79,0x3d,0x22,0x38,0x22,0x20,0x77,0x69,0x64,
  0x74,0x68,0x3d,0x22,0x31,0x31,0x22,0x20,0x68,0x65,0x69,0x67,0x68,0x74,0x3d,0x22,
  0x31,0x31,0x22,0x20,0x72,0x78,0x3d,0x22,0x31,0x22,0x2f,0x3e,0x3c,0x2f,0x73,0x76,
  0x67,0x3e,0xa,
    // more.svg
  0x0,0x0,0x0,0xb1,
  0x3c,
  0x73,0x76,0x67,0x20,0x78,0x6d,0x6c,0x6e,0x73,0x3d,0x22,0x68,0x74,0x74,0x70,0x3a,
  0x2f,0x2f,0x77,0x77,0x77,0x2e,0x77,0x33,0x2e,0x6f,0x72,0x67,0x2f,0x32,0x30,0x30,
  0x30,0x2f,0x73,0x76,0x67,0x22,0x20,0x76,0x69,0x65,0x77,0x42,0x6f,0x78,0x3d,0x22,
  0x30,0x20,0x30,0x20,0x32,0x34,0x20,0x32,0x34,0x22,0x20,0x66,0x69,0x6c,0x6c,0x3d,
  0x22,0x23,0x66,0x66,0x66,0x22,0x3e,0x3c,0x63,0x69,0x72,0x63,0x6c,0x65,0x20,0x63,
  0x78,0x3d,0x22,0x35,0x22,0x20,0x63,0x79,0x3d,0x22,0x31,0x32,0x22,0x20,0x72,0x3d,
  0x22,0x31,0x2e,0x37,0x22,0x2f,0x3e,0x3c,0x63,0x69,0x72,0x63,0x6c,0x65,0x20,0x63,
  0x78,0x3d,0x22,0x31,0x32,0x22,0x20,0x63,0x79,0x3d,0x22,0x31,0x32,0x22,0x20,0x72,
  0x3d,0x22,0x31,0x2e,0x37,0x22,0x2f,0x3e,0x3c,0x63,0x69,0x72,0x63,0x6c,0x65,0x20,
  0x63,0x78,0x3d,0x22,0x31,0x39,0x22,0x20,0x63,0x79,0x3d,0x22,0x31,0x32,0x22,0x20,
  0x72,0x3d,0x22,0x31,0x2e,0x37,0x22,0x2f,0x3e,0x3c,0x2f,0x73,0x76,0x67,0x3e,0xa,
  
    // download.svg
  0x0,0x0,0x0,0xc8,
  0x3c,
  0x73,0x76,0x67,0x20,0x78,0x6d,0x6c,0x6e,0x73,0x3d,0x22,0x68,0x74,0x74,0x70,0x3a,
  0x2f,0x2f,0x77,0x77,0x77,0x2e,0x77,0x33,0x2e,0x6f,0x72,0x67,0x2f,0x32,0x30,0x30,
  0x30,0x2f,0x73,0x76,0x67,0x22,0x20,0x76,0x69,0x65,0x77,0x42,0x6f,0x78,0x3d,0x22,
  0x30,0x20,0x30,0x20,0x32,0x34,0x20,0x32,0x34,0x22,0x20,0x66,0x69,0x6c,0x6c,0x3d,
  0x22,0x6e,0x6f,0x6e,0x65,0x22,0x20,0x73,0x74,0x72,0x6f,0x6b,0x65,0x3d,0x22,0x23,
  0x66,0x66,0x66,0x22,0x20,0x73,0x74,0x72,0x6f,0x6b,0x65,0x2d,0x77,0x69,0x64,0x74,
  0x68,0x3d,0x22,0x31,0x2e,0x38,0x22,0x20,0x73,0x74,0x72,0x6f,0x6b,0x65,0x2d,0x6c,
  0x69,0x6e,0x65,0x63,0x61,0x70,0x3d,0x22,0x72,0x6f,0x75,0x6e,0x64,0x22,0x20,0x73,
  0x74,0x72,0x6f,0x6b,0x65,0x2d,0x6c,0x69,0x6e,0x65,0x6a,0x6f,0x69,0x6e,0x3d,0x22,
  0x72,0x6f,0x75,0x6e,0x64,0x22,0x3e,0x3c,0x70,0x61,0x74,0x68,0x20,0x64,0x3d,0x22,
  0x4d,0x31,0x32,0x20,0x33,0x76,0x31,0x32,0x6d,0x2d,0x35,0x2d,0x35,0x20,0x35,0x20,
  0x35,0x20,0x35,0x2d,0x35,0x4d,0x34,0x20,0x32,0x30,0x68,0x31,0x36,0x22,0x2f,0x3e,
  0x3c,0x2f,0x73,0x76,0x67,0x3e,0xa,
    // protected-content.svg
  0x0,0x0,0x1,0xb,
  0x3c,
  0x73,0x76,0x67,0x20,0x78,0x6d,0x6c,0x6e,0x73,0x3d,0x22,0x68,0x74,0x74,0x70,0x3a,
  0x2f,0x2f,0x77,0x77,0x77,0x2e,0x77,0x33,0x2e,0x6f,0x72,0x67,0x2f,0x32,0x30,0x30,
  0x30,0x2f,0x73,0x76,0x67,0x22,0x20,0x76,0x69,0x65,0x77,0x42,0x6f,0x78,0x3d,0x22,
  0x30,0x20,0x30,0x20,0x32,0x34,0x20,0x32,0x34,0x22,0x20,0x66,0x69,0x6c,0x6c,0x3d,
  0x22,0x6e,0x6f,0x6e,0x65,0x22,0x20,0x73,0x74,0x72,0x6f,0x6b,0x65,0x3d,0x22,0x23,
  0x66,0x66,0x66,0x22,0x20,0x73,0x74,0x72,0x6f,0x6b,0x65,0x2d,0x77,0x69,0x64,0x74,
  0x68,0x3d,0x22,0x31,0x2e,0x38,0x22,0x20,0x73,0x74,0x72,0x6f,0x6b,0x65,0x2d,0x6c,
  0x69,0x6e,0x65,0x63,0x61,0x70,0x3d,0x22,0x72,0x6f,0x75,0x6e,0x64,0x22,0x20,0x73,
  0x74,0x72,0x6f,0x6b,0x65,0x2d,0x6c,0x69,0x6e,0x65,0x6a,0x6f,0x69,0x6e,0x3d,0x22,
  0x72,0x6f,0x75,0x6e,0x64,0x22,0x3e,0x3c,0x63,0x69,0x72,0x63,0x6c,0x65,0x20,0x63,
  0x78,0x3d,0x22,0x31,0x32,0x22,0x20,0x63,0x79,0x3d,0x22,0x31,0x32,0x22,0x20,0x72,
  0x3d,0x22,0x39,0x22,0x2f,0x3e,0x3c,0x63,0x69,0x72,0x63,0x6c,0x65,0x20,0x63,0x78,
  0x3d,0x22,0x31,0x32,0x22,0x20,0x63,0x79,0x3d,0x22,0x31,0x30,0x22,0x20,0x72,0x3d,
  0x22,0x32,0x2e,0x35,0x22,0x2f,0x3e,0x3c,0x70,0x61,0x74,0x68,0x20,0x64,0x3d,0x22,
  0x4d,0x31,0x32,0x20,0x31,0x32,0x2e,0x35,0x76,0x34,0x22,0x2f,0x3e,0x3c,0x70,0x61,
  0x74,0x68,0x20,0x64,0x3d,0x22,0x4d,0x31,0x30,0x2e,0x35,0x20,0x31,0x35,0x68,0x33,
  0x22,0x2f,0x3e,0x3c,0x2f,0x73,0x76,0x67,0x3e,0xa,
    // location-slash.svg
  0x0,0x0,0x1,0x2f,
  0x3c,
  0x73,0x76,0x67,0x20,0x78,0x6d,0x6c,0x6e,0x73,0x3d,0x22,0x68,0x74,0x74,0x70,0x3a,
  0x2f,0x2f,0x77,0x77,0x77,0x2e,0x77,0x33,0x2e,0x6f,0x72,0x67,0x2f,0x32,0x30,0x30,
  0x30,0x2f,0x73,0x76,0x67,0x22,0x20,0x76,0x69,0x65,0x77,0x42,0x6f,0x78,0x3d,0x22,
  0x30,0x20,0x30,0x20,0x32,0x34,0x20,0x32,0x34,0x22,0x20,0x66,0x69,0x6c,0x6c,0x3d,
  0x22,0x6e,0x6f,0x6e,0x65,0x22,0x20,0x73,0x74,0x72,0x6f,0x6b,0x65,0x3d,0x22,0x23,
  0x66,0x66,0x66,0x22,0x20,0x73,0x74,0x72,0x6f,0x6b,0x65,0x2d,0x77,0x69,0x64,0x74,
  0x68,0x3d,0x22,0x31,0x2e,0x38,0x22,0x20,0x73,0x74,0x72,0x6f,0x6b,0x65,0x2d,0x6c,
  0x69,0x6e,0x65,0x63,0x61,0x70,0x3d,0x22,0x72,0x6f,0x75,0x6e,0x64,0x22,0x20,0x73,
  0x74,0x72,0x6f,0x6b,0x65,0x2d,0x6c,0x69,0x6e,0x65,0x6a,0x6f,0x69,0x6e,0x3d,0x22,
  0x72,0x6f,0x75,0x6e,0x64,0x22,0x3e,0x3c,0x70,0x61,0x74,0x68,0x20,0x64,0x3d,0x22,
  0x4d,0x31,0x32,0x20,0x32,0x61,0x37,0x20,0x37,0x20,0x30,0x20,0x30,0x20,0x30,0x2d,
  0x37,0x20,0x37,0x63,0x30,0x20,0x35,0x2e,0x32,0x35,0x20,0x37,0x20,0x31,0x33,0x20,
  0x37,0x20,0x31,0x33,0x73,0x37,0x2d,0x37,0x2e,0x37,0x35,0x20,0x37,0x2d,0x31,0x33,
  0x61,0x37,0x20,0x37,0x20,0x30,0x20,0x30,0x20,0x30,0x2d,0x37,0x2d,0x37,0x7a,0x22,
  0x2f,0x3e,0x3c,0x63,0x69,0x72,0x63,0x6c,0x65,0x20,0x63,0x78,0x3d,0x22,0x31,0x32,
  0x22,0x20,0x63,0x79,0x3d,0x22,0x39,0x22,0x20,0x72,0x3d,0x22,0x32,0x2e,0x35,0x22,
  0x2f,0x3e,0x3c,0x6c,0x69,0x6e,0x65,0x20,0x78,0x31,0x3d,0x22,0x33,0x22,0x20,0x79,
  0x31,0x3d,0x22,0x33,0x22,0x20,0x78,0x32,0x3d,0x22,0x32,0x31,0x22,0x20,0x79,0x32,
  0x3d,0x22,0x32,0x31,0x22,0x2f,0x3e,0x3c,0x2f,0x73,0x76,0x67,0x3e,0xa,
    // save.svg
  0x0,0x0,0x0,0xc7,
  0x3c,
  0x73,0x76,0x67,0x20,0x78,0x6d,0x6c,0x6e,0x73,0x3d,0x22,0x68,0x74,0x74,0x70,0x3a,
  0x2f,0x2f,0x77,0x77,0x77,0x2e,0x77,0x33,0x2e,0x6f,0x72,0x67,0x2f,0x32,0x30,0x30,
  0x30,0x2f,0x73,0x76,0x67,0x22,0x20,0x76,0x69,0x65,0x77,0x42,0x6f,0x78,0x3d,0x22,
  0x30,0x20,0x30,0x20,0x32,0x34,0x20,0x32,0x34,0x22,0x20,0x66,0x69,0x6c,0x6c,0x3d,
  0x22,0x6e,0x6f,0x6e,0x65,0x22,0x20,0x73,0x74,0x72,0x6f,0x6b,0x65,0x3d,0x22,0x23,
  0x66,0x66,0x66,0x22,0x20,0x73,0x74,0x72,0x6f,0x6b,0x65,0x2d,0x77,0x69,0x64,0x74,
  0x68,0x3d,0x22,0x31,0x2e,0x38,0x22,0x20,0x73,0x74,0x72,0x6f,0x6b,0x65,0x2d,0x6c,
  0x69,0x6e,0x65,0x6a,0x6f,0x69,0x6e,0x3d,0x22,0x72,0x6f,0x75,0x6e,0x64,0x22,0x3e,
  0x3c,0x70,0x61,0x74,0x68,0x20,0x64,0x3d,0x22,0x4d,0x34,0x20,0x33,0x68,0x31,0x34,
  0x6c,0x32,0x20,0x32,0x76,0x31,0x36,0x48,0x34,0x5a,0x22,0x2f,0x3e,0x3c,0x70,0x61,
  0x74,0x68,0x20,0x64,0x3d,0x22,0x4d,0x38,0x20,0x33,0x76,0x36,0x68,0x38,0x56,0x33,
  0x4d,0x38,0x20,0x32,0x31,0x76,0x2d,0x37,0x68,0x38,0x76,0x37,0x22,0x2f,0x3e,0x3c,
  0x2f,0x73,0x76,0x67,0x3e,0xa,
  
};

static const unsigned char qt_resource_name[] = {
  // browser-icons
  0x0,0xd,
  0x6,0x12,0x78,0x73,
  0x0,0x62,
  0x0,0x72,0x0,0x6f,0x0,0x77,0x0,0x73,0x0,0x65,0x0,0x72,0x0,0x2d,0x0,0x69,0x0,0x63,0x0,0x6f,0x0,0x6e,0x0,0x73,
    // history.svg
  0x0,0xb,
  0x6,0x46,0x4f,0xa7,
  0x0,0x68,
  0x0,0x69,0x0,0x73,0x0,0x74,0x0,0x6f,0x0,0x72,0x0,0x79,0x0,0x2e,0x0,0x73,0x0,0x76,0x0,0x67,
    // play.svg
  0x0,0x8,
  0x2,0x8c,0x54,0x27,
  0x0,0x70,
  0x0,0x6c,0x0,0x61,0x0,0x79,0x0,0x2e,0x0,0x73,0x0,0x76,0x0,0x67,
    // notification-slash.svg
  0x0,0x16,
  0xf,0x5d,0x11,0x47,
  0x0,0x6e,
  0x0,0x6f,0x0,0x74,0x0,0x69,0x0,0x66,0x0,0x69,0x0,0x63,0x0,0x61,0x0,0x74,0x0,0x69,0x0,0x6f,0x0,0x6e,0x0,0x2d,0x0,0x73,0x0,0x6c,0x0,0x61,0x0,0x73,
  0x0,0x68,0x0,0x2e,0x0,0x73,0x0,0x76,0x0,0x67,
    // cookie.svg
  0x0,0xa,
  0x1,0xfd,0x16,0x7,
  0x0,0x63,
  0x0,0x6f,0x0,0x6f,0x0,0x6b,0x0,0x69,0x0,0x65,0x0,0x2e,0x0,0x73,0x0,0x76,0x0,0x67,
    // chevron-down.svg
  0x0,0x10,
  0xe,0x17,0x6,0x87,
  0x0,0x63,
  0x0,0x68,0x0,0x65,0x0,0x76,0x0,0x72,0x0,0x6f,0x0,0x6e,0x0,0x2d,0x0,0x64,0x0,0x6f,0x0,0x77,0x0,0x6e,0x0,0x2e,0x0,0x73,0x0,0x76,0x0,0x67,
    // info.svg
  0x0,0x8,
  0x4,0xd2,0x54,0xc7,
  0x0,0x69,
  0x0,0x6e,0x0,0x66,0x0,0x6f,0x0,0x2e,0x0,0x73,0x0,0x76,0x0,0x67,
    // image-slash.svg
  0x0,0xf,
  0x7,0x2a,0xe,0x47,
  0x0,0x69,
  0x0,0x6d,0x0,0x61,0x0,0x67,0x0,0x65,0x0,0x2d,0x0,0x73,0x0,0x6c,0x0,0x61,0x0,0x73,0x0,0x68,0x0,0x2e,0x0,0x73,0x0,0x76,0x0,0x67,
    // new-tab.svg
  0x0,0xb,
  0xa,0x9c,0xce,0x47,
  0x0,0x6e,
  0x0,0x65,0x0,0x77,0x0,0x2d,0x0,0x74,0x0,0x61,0x0,0x62,0x0,0x2e,0x0,0x73,0x0,0x76,0x0,0x67,
    // reset.svg
  0x0,0x9,
  0x9,0xc7,0xab,0x47,
  0x0,0x72,
  0x0,0x65,0x0,0x73,0x0,0x65,0x0,0x74,0x0,0x2e,0x0,0x73,0x0,0x76,0x0,0x67,
    // tune.svg
  0x0,0x8,
  0xc,0x48,0x55,0xa7,
  0x0,0x74,
  0x0,0x75,0x0,0x6e,0x0,0x65,0x0,0x2e,0x0,0x73,0x0,0x76,0x0,0x67,
    // content.svg
  0x0,0xb,
  0xc,0x83,0x91,0x87,
  0x0,0x63,
  0x0,0x6f,0x0,0x6e,0x0,0x74,0x0,0x65,0x0,0x6e,0x0,0x74,0x0,0x2e,0x0,0x73,0x0,0x76,0x0,0x67,
    // clock.svg
  0x0,0x9,
  0x5,0x9e,0x8e,0xa7,
  0x0,0x63,
  0x0,0x6c,0x0,0x6f,0x0,0x63,0x0,0x6b,0x0,0x2e,0x0,0x73,0x0,0x76,0x0,0x67,
    // popup-slash.svg
  0x0,0xf,
  0x7,0x1c,0xb,0x7,
  0x0,0x70,
  0x0,0x6f,0x0,0x70,0x0,0x75,0x0,0x70,0x0,0x2d,0x0,0x73,0x0,0x6c,0x0,0x61,0x0,0x73,0x0,0x68,0x0,0x2e,0x0,0x73,0x0,0x76,0x0,0x67,
    // fonts.svg
  0x0,0x9,
  0x5,0xb6,0x80,0x7,
  0x0,0x66,
  0x0,0x6f,0x0,0x6e,0x0,0x74,0x0,0x73,0x0,0x2e,0x0,0x73,0x0,0x76,0x0,0x67,
    // cards.svg
  0x0,0x9,
  0x8,0xb6,0x89,0xc7,
  0x0,0x63,
  0x0,0x61,0x0,0x72,0x0,0x64,0x0,0x73,0x0,0x2e,0x0,0x73,0x0,0x76,0x0,0x67,
    // minimize.svg
  0x0,0xc,
  0xf,0x88,0xfa,0x47,
  0x0,0x6d,
  0x0,0x69,0x0,0x6e,0x0,0x69,0x0,0x6d,0x0,0x69,0x0,0x7a,0x0,0x65,0x0,0x2e,0x0,0x73,0x0,0x76,0x0,0x67,
    // popup.svg
  0x0,0x9,
  0x7,0xc3,0xb4,0x7,
  0x0,0x70,
  0x0,0x6f,0x0,0x70,0x0,0x75,0x0,0x70,0x0,0x2e,0x0,0x73,0x0,0x76,0x0,0x67,
    // site-data.svg
  0x0,0xd,
  0xc,0xb9,0x5c,0x67,
  0x0,0x73,
  0x0,0x69,0x0,0x74,0x0,0x65,0x0,0x2d,0x0,0x64,0x0,0x61,0x0,0x74,0x0,0x61,0x0,0x2e,0x0,0x73,0x0,0x76,0x0,0x67,
    // javascript-slash.svg
  0x0,0x14,
  0xb,0x57,0x9c,0x87,
  0x0,0x6a,
  0x0,0x61,0x0,0x76,0x0,0x61,0x0,0x73,0x0,0x63,0x0,0x72,0x0,0x69,0x0,0x70,0x0,0x74,0x0,0x2d,0x0,0x73,0x0,0x6c,0x0,0x61,0x0,0x73,0x0,0x68,0x0,0x2e,
  0x0,0x73,0x0,0x76,0x0,0x67,
    // accessibility.svg
  0x0,0x11,
  0x4,0x1d,0x25,0x87,
  0x0,0x61,
  0x0,0x63,0x0,0x63,0x0,0x65,0x0,0x73,0x0,0x73,0x0,0x69,0x0,0x62,0x0,0x69,0x0,0x6c,0x0,0x69,0x0,0x74,0x0,0x79,0x0,0x2e,0x0,0x73,0x0,0x76,0x0,0x67,
  
    // language.svg
  0x0,0xc,
  0x9,0x88,0xc7,0xa7,
  0x0,0x6c,
  0x0,0x61,0x0,0x6e,0x0,0x67,0x0,0x75,0x0,0x61,0x0,0x67,0x0,0x65,0x0,0x2e,0x0,0x73,0x0,0x76,0x0,0x67,
    // performance.svg
  0x0,0xf,
  0x5,0x3c,0xa4,0xe7,
  0x0,0x70,
  0x0,0x65,0x0,0x72,0x0,0x66,0x0,0x6f,0x0,0x72,0x0,0x6d,0x0,0x61,0x0,0x6e,0x0,0x63,0x0,0x65,0x0,0x2e,0x0,0x73,0x0,0x76,0x0,0x67,
    // insecure-content.svg
  0x0,0x14,
  0x6,0x75,0x1b,0xa7,
  0x0,0x69,
  0x0,0x6e,0x0,0x73,0x0,0x65,0x0,0x63,0x0,0x75,0x0,0x72,0x0,0x65,0x0,0x2d,0x0,0x63,0x0,0x6f,0x0,0x6e,0x0,0x74,0x0,0x65,0x0,0x6e,0x0,0x74,0x0,0x2e,
  0x0,0x73,0x0,0x76,0x0,0x67,
    // chevron-right.svg
  0x0,0x11,
  0xe,0x92,0x78,0x47,
  0x0,0x63,
  0x0,0x68,0x0,0x65,0x0,0x76,0x0,0x72,0x0,0x6f,0x0,0x6e,0x0,0x2d,0x0,0x72,0x0,0x69,0x0,0x67,0x0,0x68,0x0,0x74,0x0,0x2e,0x0,0x73,0x0,0x76,0x0,0x67,
  
    // memory.svg
  0x0,0xa,
  0x6,0x96,0x22,0x47,
  0x0,0x6d,
  0x0,0x65,0x0,0x6d,0x0,0x6f,0x0,0x72,0x0,0x79,0x0,0x2e,0x0,0x73,0x0,0x76,0x0,0x67,
    // notification.svg
  0x0,0x10,
  0x3,0xe3,0x31,0x27,
  0x0,0x6e,
  0x0,0x6f,0x0,0x74,0x0,0x69,0x0,0x66,0x0,0x69,0x0,0x63,0x0,0x61,0x0,0x74,0x0,0x69,0x0,0x6f,0x0,0x6e,0x0,0x2e,0x0,0x73,0x0,0x76,0x0,0x67,
    // zoom.svg
  0x0,0x8,
  0x6,0x60,0x4a,0xe7,
  0x0,0x7a,
  0x0,0x6f,0x0,0x6f,0x0,0x6d,0x0,0x2e,0x0,0x73,0x0,0x76,0x0,0x67,
    // arrow-left.svg
  0x0,0xe,
  0x8,0xfa,0x38,0xa7,
  0x0,0x61,
  0x0,0x72,0x0,0x72,0x0,0x6f,0x0,0x77,0x0,0x2d,0x0,0x6c,0x0,0x65,0x0,0x66,0x0,0x74,0x0,0x2e,0x0,0x73,0x0,0x76,0x0,0x67,
    // window.svg
  0x0,0xa,
  0xb,0x69,0x9a,0x47,
  0x0,0x77,
  0x0,0x69,0x0,0x6e,0x0,0x64,0x0,0x6f,0x0,0x77,0x0,0x2e,0x0,0x73,0x0,0x76,0x0,0x67,
    // print.svg
  0x0,0x9,
  0x0,0x57,0xb5,0xe7,
  0x0,0x70,
  0x0,0x72,0x0,0x69,0x0,0x6e,0x0,0x74,0x0,0x2e,0x0,0x73,0x0,0x76,0x0,0x67,
    // video.svg
  0x0,0x9,
  0xa,0xc2,0xa3,0x27,
  0x0,0x76,
  0x0,0x69,0x0,0x64,0x0,0x65,0x0,0x6f,0x0,0x2e,0x0,0x73,0x0,0x76,0x0,0x67,
    // bookmark.svg
  0x0,0xc,
  0x5,0xa2,0x9e,0xa7,
  0x0,0x62,
  0x0,0x6f,0x0,0x6f,0x0,0x6b,0x0,0x6d,0x0,0x61,0x0,0x72,0x0,0x6b,0x0,0x2e,0x0,0x73,0x0,0x76,0x0,0x67,
    // grid.svg
  0x0,0x8,
  0x8,0xf7,0x57,0x7,
  0x0,0x67,
  0x0,0x72,0x0,0x69,0x0,0x64,0x0,0x2e,0x0,0x73,0x0,0x76,0x0,0x67,
    // maximize.svg
  0x0,0xc,
  0xf,0x79,0xba,0x47,
  0x0,0x6d,
  0x0,0x61,0x0,0x78,0x0,0x69,0x0,0x6d,0x0,0x69,0x0,0x7a,0x0,0x65,0x0,0x2e,0x0,0x73,0x0,0x76,0x0,0x67,
    // javascript.svg
  0x0,0xe,
  0x1,0xe6,0x73,0xc7,
  0x0,0x6a,
  0x0,0x61,0x0,0x76,0x0,0x61,0x0,0x73,0x0,0x63,0x0,0x72,0x0,0x69,0x0,0x70,0x0,0x74,0x0,0x2e,0x0,0x73,0x0,0x76,0x0,0x67,
    // music.svg
  0x0,0x9,
  0x9,0xf6,0xb3,0x47,
  0x0,0x6d,
  0x0,0x75,0x0,0x73,0x0,0x69,0x0,0x63,0x0,0x2e,0x0,0x73,0x0,0x76,0x0,0x67,
    // tools.svg
  0x0,0x9,
  0x6,0x36,0xac,0x7,
  0x0,0x74,
  0x0,0x6f,0x0,0x6f,0x0,0x6c,0x0,0x73,0x0,0x2e,0x0,0x73,0x0,0x76,0x0,0x67,
    // help.svg
  0x0,0x8,
  0xc,0x33,0x57,0x7,
  0x0,0x68,
  0x0,0x65,0x0,0x6c,0x0,0x70,0x0,0x2e,0x0,0x73,0x0,0x76,0x0,0x67,
    // folder.svg
  0x0,0xa,
  0xa,0xc8,0xf6,0x87,
  0x0,0x66,
  0x0,0x6f,0x0,0x6c,0x0,0x64,0x0,0x65,0x0,0x72,0x0,0x2e,0x0,0x73,0x0,0x76,0x0,0x67,
    // audio.svg
  0x0,0x9,
  0xb,0x2,0x8b,0xa7,
  0x0,0x61,
  0x0,0x75,0x0,0x64,0x0,0x69,0x0,0x6f,0x0,0x2e,0x0,0x73,0x0,0x76,0x0,0x67,
    // location.svg
  0x0,0xc,
  0x2,0x4a,0x6b,0x87,
  0x0,0x6c,
  0x0,0x6f,0x0,0x63,0x0,0x61,0x0,0x74,0x0,0x69,0x0,0x6f,0x0,0x6e,0x0,0x2e,0x0,0x73,0x0,0x76,0x0,0x67,
    // incognito.svg
  0x0,0xd,
  0x0,0x26,0xe7,0xa7,
  0x0,0x69,
  0x0,0x6e,0x0,0x63,0x0,0x6f,0x0,0x67,0x0,0x6e,0x0,0x69,0x0,0x74,0x0,0x6f,0x0,0x2e,0x0,0x73,0x0,0x76,0x0,0x67,
    // privacy.svg
  0x0,0xb,
  0x7,0x47,0x7b,0x47,
  0x0,0x70,
  0x0,0x72,0x0,0x69,0x0,0x76,0x0,0x61,0x0,0x63,0x0,0x79,0x0,0x2e,0x0,0x73,0x0,0x76,0x0,0x67,
    // settings.svg
  0x0,0xc,
  0xb,0xdf,0x2c,0xc7,
  0x0,0x73,
  0x0,0x65,0x0,0x74,0x0,0x74,0x0,0x69,0x0,0x6e,0x0,0x67,0x0,0x73,0x0,0x2e,0x0,0x73,0x0,0x76,0x0,0x67,
    // trash.svg
  0x0,0x9,
  0x8,0x9b,0xad,0xc7,
  0x0,0x74,
  0x0,0x72,0x0,0x61,0x0,0x73,0x0,0x68,0x0,0x2e,0x0,0x73,0x0,0x76,0x0,0x67,
    // camera-slash.svg
  0x0,0x10,
  0x1,0xb9,0xae,0x67,
  0x0,0x63,
  0x0,0x61,0x0,0x6d,0x0,0x65,0x0,0x72,0x0,0x61,0x0,0x2d,0x0,0x73,0x0,0x6c,0x0,0x61,0x0,0x73,0x0,0x68,0x0,0x2e,0x0,0x73,0x0,0x76,0x0,0x67,
    // mouse.svg
  0x0,0x9,
  0xc,0x98,0xb2,0x7,
  0x0,0x6d,
  0x0,0x6f,0x0,0x75,0x0,0x73,0x0,0x65,0x0,0x2e,0x0,0x73,0x0,0x76,0x0,0x67,
    // startup.svg
  0x0,0xb,
  0xb,0x36,0xb,0xe7,
  0x0,0x73,
  0x0,0x74,0x0,0x61,0x0,0x72,0x0,0x74,0x0,0x75,0x0,0x70,0x0,0x2e,0x0,0x73,0x0,0x76,0x0,0x67,
    // clipboard.svg
  0x0,0xd,
  0xc,0xe7,0x89,0xc7,
  0x0,0x63,
  0x0,0x6c,0x0,0x69,0x0,0x70,0x0,0x62,0x0,0x6f,0x0,0x61,0x0,0x72,0x0,0x64,0x0,0x2e,0x0,0x73,0x0,0x76,0x0,0x67,
    // exit.svg
  0x0,0x8,
  0xf,0x7,0x57,0x47,
  0x0,0x65,
  0x0,0x78,0x0,0x69,0x0,0x74,0x0,0x2e,0x0,0x73,0x0,0x76,0x0,0x67,
    // close.svg
  0x0,0x9,
  0x6,0x98,0x8e,0xa7,
  0x0,0x63,
  0x0,0x6c,0x0,0x6f,0x0,0x73,0x0,0x65,0x0,0x2e,0x0,0x73,0x0,0x76,0x0,0x67,
    // js-optimize.svg
  0x0,0xf,
  0x9,0xca,0xc4,0xc7,
  0x0,0x6a,
  0x0,0x73,0x0,0x2d,0x0,0x6f,0x0,0x70,0x0,0x74,0x0,0x69,0x0,0x6d,0x0,0x69,0x0,0x7a,0x0,0x65,0x0,0x2e,0x0,0x73,0x0,0x76,0x0,0x67,
    // fullscreen.svg
  0x0,0xe,
  0x3,0xe6,0x74,0xa7,
  0x0,0x66,
  0x0,0x75,0x0,0x6c,0x0,0x6c,0x0,0x73,0x0,0x63,0x0,0x72,0x0,0x65,0x0,0x65,0x0,0x6e,0x0,0x2e,0x0,0x73,0x0,0x76,0x0,0x67,
    // camera.svg
  0x0,0xa,
  0xc,0x91,0x6a,0xa7,
  0x0,0x63,
  0x0,0x61,0x0,0x6d,0x0,0x65,0x0,0x72,0x0,0x61,0x0,0x2e,0x0,0x73,0x0,0x76,0x0,0x67,
    // microphone.svg
  0x0,0xe,
  0xd,0x16,0x8b,0xc7,
  0x0,0x6d,
  0x0,0x69,0x0,0x63,0x0,0x72,0x0,0x6f,0x0,0x70,0x0,0x68,0x0,0x6f,0x0,0x6e,0x0,0x65,0x0,0x2e,0x0,0x73,0x0,0x76,0x0,0x67,
    // pdf.svg
  0x0,0x7,
  0x6,0xa9,0x5a,0x27,
  0x0,0x70,
  0x0,0x64,0x0,0x66,0x0,0x2e,0x0,0x73,0x0,0x76,0x0,0x67,
    // appearance.svg
  0x0,0xe,
  0xa,0x43,0x51,0xc7,
  0x0,0x61,
  0x0,0x70,0x0,0x70,0x0,0x65,0x0,0x61,0x0,0x72,0x0,0x61,0x0,0x6e,0x0,0x63,0x0,0x65,0x0,0x2e,0x0,0x73,0x0,0x76,0x0,0x67,
    // image.svg
  0x0,0x9,
  0x7,0xd8,0xba,0xa7,
  0x0,0x69,
  0x0,0x6d,0x0,0x61,0x0,0x67,0x0,0x65,0x0,0x2e,0x0,0x73,0x0,0x76,0x0,0x67,
    // search.svg
  0x0,0xa,
  0x8,0x94,0x6d,0xc7,
  0x0,0x73,
  0x0,0x65,0x0,0x61,0x0,0x72,0x0,0x63,0x0,0x68,0x0,0x2e,0x0,0x73,0x0,0x76,0x0,0x67,
    // microphone-slash.svg
  0x0,0x14,
  0x2,0xb6,0x6c,0xa7,
  0x0,0x6d,
  0x0,0x69,0x0,0x63,0x0,0x72,0x0,0x6f,0x0,0x70,0x0,0x68,0x0,0x6f,0x0,0x6e,0x0,0x65,0x0,0x2d,0x0,0x73,0x0,0x6c,0x0,0x61,0x0,0x73,0x0,0x68,0x0,0x2e,
  0x0,0x73,0x0,0x76,0x0,0x67,
    // password.svg
  0x0,0xc,
  0x8,0x56,0xf,0x7,
  0x0,0x70,
  0x0,0x61,0x0,0x73,0x0,0x73,0x0,0x77,0x0,0x6f,0x0,0x72,0x0,0x64,0x0,0x2e,0x0,0x73,0x0,0x76,0x0,0x67,
    // restore.svg
  0x0,0xb,
  0x6,0x79,0xcf,0xa7,
  0x0,0x72,
  0x0,0x65,0x0,0x73,0x0,0x74,0x0,0x6f,0x0,0x72,0x0,0x65,0x0,0x2e,0x0,0x73,0x0,0x76,0x0,0x67,
    // more.svg
  0x0,0x8,
  0x6,0x88,0x54,0x47,
  0x0,0x6d,
  0x0,0x6f,0x0,0x72,0x0,0x65,0x0,0x2e,0x0,0x73,0x0,0x76,0x0,0x67,
    // download.svg
  0x0,0xc,
  0x8,0x1a,0x90,0xa7,
  0x0,0x64,
  0x0,0x6f,0x0,0x77,0x0,0x6e,0x0,0x6c,0x0,0x6f,0x0,0x61,0x0,0x64,0x0,0x2e,0x0,0x73,0x0,0x76,0x0,0x67,
    // protected-content.svg
  0x0,0x15,
  0x0,0xb6,0x87,0x87,
  0x0,0x70,
  0x0,0x72,0x0,0x6f,0x0,0x74,0x0,0x65,0x0,0x63,0x0,0x74,0x0,0x65,0x0,0x64,0x0,0x2d,0x0,0x63,0x0,0x6f,0x0,0x6e,0x0,0x74,0x0,0x65,0x0,0x6e,0x0,0x74,
  0x0,0x2e,0x0,0x73,0x0,0x76,0x0,0x67,
    // location-slash.svg
  0x0,0x12,
  0xc,0xf,0xac,0x7,
  0x0,0x6c,
  0x0,0x6f,0x0,0x63,0x0,0x61,0x0,0x74,0x0,0x69,0x0,0x6f,0x0,0x6e,0x0,0x2d,0x0,0x73,0x0,0x6c,0x0,0x61,0x0,0x73,0x0,0x68,0x0,0x2e,0x0,0x73,0x0,0x76,
  0x0,0x67,
    // save.svg
  0x0,0x8,
  0x8,0xc8,0x55,0xe7,
  0x0,0x73,
  0x0,0x61,0x0,0x76,0x0,0x65,0x0,0x2e,0x0,0x73,0x0,0x76,0x0,0x67,
  
};

static const unsigned char qt_resource_struct[] = {
  // :
  0x0,0x0,0x0,0x0,0x0,0x2,0x0,0x0,0x0,0x1,0x0,0x0,0x0,0x1,
0x0,0x0,0x0,0x0,0x0,0x0,0x0,0x0,
  // :/browser-icons
  0x0,0x0,0x0,0x0,0x0,0x2,0x0,0x0,0x0,0x43,0x0,0x0,0x0,0x2,
0x0,0x0,0x0,0x0,0x0,0x0,0x0,0x0,
  // :/browser-icons/incognito.svg
  0x0,0x0,0x4,0xe0,0x0,0x0,0x0,0x0,0x0,0x1,0x0,0x0,0x28,0xb2,
0x0,0x0,0x1,0xa0,0x64,0x55,0xc0,0xac,
  // :/browser-icons/print.svg
  0x0,0x0,0x3,0xa6,0x0,0x0,0x0,0x0,0x0,0x1,0x0,0x0,0x1d,0x5c,
0x0,0x0,0x1,0xa0,0x64,0x55,0xc0,0xac,
  // :/browser-icons/protected-content.svg
  0x0,0x0,0x7,0x80,0x0,0x0,0x0,0x0,0x0,0x1,0x0,0x0,0x40,0xa2,
0x0,0x0,0x1,0xa0,0x73,0x5b,0xb5,0xf2,
  // :/browser-icons/camera-slash.svg
  0x0,0x0,0x5,0x52,0x0,0x0,0x0,0x0,0x0,0x1,0x0,0x0,0x2d,0x51,
0x0,0x0,0x1,0xa0,0x73,0x4f,0xc3,0x32,
  // :/browser-icons/javascript.svg
  0x0,0x0,0x4,0x28,0x0,0x0,0x0,0x0,0x0,0x1,0x0,0x0,0x21,0xda,
0x0,0x0,0x1,0xa0,0x73,0x38,0xb7,0x8c,
  // :/browser-icons/cookie.svg
  0x0,0x0,0x0,0x84,0x0,0x0,0x0,0x0,0x0,0x1,0x0,0x0,0x2,0xdb,
0x0,0x0,0x1,0xa0,0x73,0x38,0x9c,0xca,
  // :/browser-icons/location.svg
  0x0,0x0,0x4,0xc2,0x0,0x0,0x0,0x0,0x0,0x1,0x0,0x0,0x27,0xa4,
0x0,0x0,0x1,0xa0,0x73,0x38,0x31,0x68,
  // :/browser-icons/play.svg
  0x0,0x0,0x0,0x3c,0x0,0x0,0x0,0x0,0x0,0x1,0x0,0x0,0x0,0xda,
0x0,0x0,0x1,0xa0,0x64,0x55,0xc0,0xac,
  // :/browser-icons/microphone-slash.svg
  0x0,0x0,0x6,0xe4,0x0,0x0,0x0,0x0,0x0,0x1,0x0,0x0,0x3c,0x38,
0x0,0x0,0x1,0xa0,0x73,0x4f,0xe2,0x54,
  // :/browser-icons/notification.svg
  0x0,0x0,0x3,0x2e,0x0,0x0,0x0,0x0,0x0,0x1,0x0,0x0,0x19,0xcd,
0x0,0x0,0x1,0xa0,0x73,0x38,0x80,0x6e,
  // :/browser-icons/fullscreen.svg
  0x0,0x0,0x6,0x1e,0x0,0x0,0x0,0x0,0x0,0x1,0x0,0x0,0x34,0x5b,
0x0,0x0,0x1,0xa0,0x73,0x5c,0x44,0x36,
  // :/browser-icons/accessibility.svg
  0x0,0x0,0x2,0x54,0x0,0x0,0x0,0x0,0x0,0x1,0x0,0x0,0x13,0x41,
0x0,0x0,0x1,0xa0,0x64,0x55,0xc0,0xac,
  // :/browser-icons/info.svg
  0x0,0x0,0x0,0xc4,0x0,0x0,0x0,0x0,0x0,0x1,0x0,0x0,0x5,0x1e,
0x0,0x0,0x1,0xa0,0x64,0x55,0xc0,0xac,
  // :/browser-icons/performance.svg
  0x0,0x0,0x2,0x9a,0x0,0x0,0x0,0x0,0x0,0x1,0x0,0x0,0x15,0xcc,
0x0,0x0,0x1,0xa0,0x64,0x55,0xc0,0xac,
  // :/browser-icons/clock.svg
  0x0,0x0,0x1,0x64,0x0,0x0,0x0,0x0,0x0,0x1,0x0,0x0,0xb,0xb,
0x0,0x0,0x1,0xa0,0x64,0x55,0xc0,0xac,
  // :/browser-icons/bookmark.svg
  0x0,0x0,0x3,0xd6,0x0,0x0,0x0,0x0,0x0,0x1,0x0,0x0,0x1f,0x25,
0x0,0x0,0x1,0xa0,0x64,0x55,0xc0,0xac,
  // :/browser-icons/fonts.svg
  0x0,0x0,0x1,0xa0,0x0,0x0,0x0,0x0,0x0,0x1,0x0,0x0,0xd,0x13,
0x0,0x0,0x1,0xa0,0x73,0x39,0x4b,0x84,
  // :/browser-icons/tools.svg
  0x0,0x0,0x4,0x62,0x0,0x0,0x0,0x0,0x0,0x1,0x0,0x0,0x23,0xe5,
0x0,0x0,0x1,0xa0,0x64,0x55,0xc0,0xac,
  // :/browser-icons/history.svg
  0x0,0x0,0x0,0x20,0x0,0x0,0x0,0x0,0x0,0x1,0x0,0x0,0x0,0x0,
0x0,0x0,0x1,0xa0,0x64,0x55,0xc0,0xac,
  // :/browser-icons/zoom.svg
  0x0,0x0,0x3,0x54,0x0,0x0,0x0,0x0,0x0,0x1,0x0,0x0,0x1a,0xcd,
0x0,0x0,0x1,0xa0,0x64,0x55,0xc0,0xac,
  // :/browser-icons/insecure-content.svg
  0x0,0x0,0x2,0xbe,0x0,0x0,0x0,0x0,0x0,0x1,0x0,0x0,0x16,0xc9,
0x0,0x0,0x1,0xa0,0x73,0x5b,0xda,0xd2,
  // :/browser-icons/restore.svg
  0x0,0x0,0x7,0x30,0x0,0x0,0x0,0x0,0x0,0x1,0x0,0x0,0x3e,0x49,
0x0,0x0,0x1,0xa0,0x64,0x55,0xc0,0xac,
  // :/browser-icons/more.svg
  0x0,0x0,0x7,0x4c,0x0,0x0,0x0,0x0,0x0,0x1,0x0,0x0,0x3f,0x21,
0x0,0x0,0x1,0xa0,0x64,0x55,0xc0,0xac,
  // :/browser-icons/memory.svg
  0x0,0x0,0x3,0x14,0x0,0x0,0x0,0x0,0x0,0x1,0x0,0x0,0x18,0xed,
0x0,0x0,0x1,0xa0,0x64,0x55,0xc0,0xac,
  // :/browser-icons/close.svg
  0x0,0x0,0x5,0xe2,0x0,0x0,0x0,0x0,0x0,0x1,0x0,0x0,0x32,0xbd,
0x0,0x0,0x1,0xa0,0x64,0x55,0xc0,0xac,
  // :/browser-icons/pdf.svg
  0x0,0x0,0x6,0x7c,0x0,0x0,0x0,0x0,0x0,0x1,0x0,0x0,0x37,0xbb,
0x0,0x0,0x1,0xa0,0x73,0x39,0x8a,0xea,
  // :/browser-icons/popup-slash.svg
  0x0,0x0,0x1,0x7c,0x0,0x0,0x0,0x0,0x0,0x1,0x0,0x0,0xb,0xe4,
0x0,0x0,0x1,0xa0,0x73,0x5b,0x94,0xfa,
  // :/browser-icons/image-slash.svg
  0x0,0x0,0x0,0xda,0x0,0x0,0x0,0x0,0x0,0x1,0x0,0x0,0x5,0xe5,
0x0,0x0,0x1,0xa0,0x73,0x5b,0x70,0x88,
  // :/browser-icons/privacy.svg
  0x0,0x0,0x5,0x0,0x0,0x0,0x0,0x0,0x0,0x1,0x0,0x0,0x29,0xca,
0x0,0x0,0x1,0xa0,0x64,0x55,0xc0,0xac,
  // :/browser-icons/popup.svg
  0x0,0x0,0x1,0xee,0x0,0x0,0x0,0x0,0x0,0x1,0x0,0x0,0xf,0xdc,
0x0,0x0,0x1,0xa0,0x73,0x38,0xf8,0x14,
  // :/browser-icons/image.svg
  0x0,0x0,0x6,0xb2,0x0,0x0,0x0,0x0,0x0,0x1,0x0,0x0,0x3a,0x52,
0x0,0x0,0x1,0xa0,0x73,0x38,0xd7,0x1c,
  // :/browser-icons/download.svg
  0x0,0x0,0x7,0x62,0x0,0x0,0x0,0x0,0x0,0x1,0x0,0x0,0x3f,0xd6,
0x0,0x0,0x1,0xa0,0x64,0x55,0xc0,0xac,
  // :/browser-icons/password.svg
  0x0,0x0,0x7,0x12,0x0,0x0,0x0,0x0,0x0,0x1,0x0,0x0,0x3d,0x64,
0x0,0x0,0x1,0xa0,0x64,0x55,0xc0,0xac,
  // :/browser-icons/search.svg
  0x0,0x0,0x6,0xca,0x0,0x0,0x0,0x0,0x0,0x1,0x0,0x0,0x3b,0x6e,
0x0,0x0,0x1,0xa0,0x64,0x55,0xc0,0xac,
  // :/browser-icons/trash.svg
  0x0,0x0,0x5,0x3a,0x0,0x0,0x0,0x0,0x0,0x1,0x0,0x0,0x2c,0x71,
0x0,0x0,0x1,0xa0,0x64,0x55,0xc0,0xac,
  // :/browser-icons/cards.svg
  0x0,0x0,0x1,0xb8,0x0,0x0,0x0,0x0,0x0,0x1,0x0,0x0,0xe,0x28,
0x0,0x0,0x1,0xa0,0x64,0x55,0xc0,0xac,
  // :/browser-icons/save.svg
  0x0,0x0,0x7,0xda,0x0,0x0,0x0,0x0,0x0,0x1,0x0,0x0,0x42,0xe4,
0x0,0x0,0x1,0xa0,0x64,0x55,0xc0,0xac,
  // :/browser-icons/grid.svg
  0x0,0x0,0x3,0xf4,0x0,0x0,0x0,0x0,0x0,0x1,0x0,0x0,0x1f,0xd1,
0x0,0x0,0x1,0xa0,0x64,0x55,0xc0,0xac,
  // :/browser-icons/arrow-left.svg
  0x0,0x0,0x3,0x6a,0x0,0x0,0x0,0x0,0x0,0x1,0x0,0x0,0x1b,0xad,
0x0,0x0,0x1,0xa0,0x73,0x50,0x37,0x4,
  // :/browser-icons/language.svg
  0x0,0x0,0x2,0x7c,0x0,0x0,0x0,0x0,0x0,0x1,0x0,0x0,0x14,0x41,
0x0,0x0,0x1,0xa0,0x8d,0x64,0xe7,0x2,
  // :/browser-icons/reset.svg
  0x0,0x0,0x1,0x1a,0x0,0x0,0x0,0x0,0x0,0x1,0x0,0x0,0x8,0x15,
0x0,0x0,0x1,0xa0,0x64,0x55,0xc0,0xac,
  // :/browser-icons/js-optimize.svg
  0x0,0x0,0x5,0xfa,0x0,0x0,0x0,0x0,0x0,0x1,0x0,0x0,0x33,0x68,
0x0,0x0,0x1,0xa0,0x73,0x5c,0x24,0x10,
  // :/browser-icons/music.svg
  0x0,0x0,0x4,0x4a,0x0,0x0,0x0,0x0,0x0,0x1,0x0,0x0,0x22,0xea,
0x0,0x0,0x1,0xa0,0x64,0x55,0xc0,0xac,
  // :/browser-icons/appearance.svg
  0x0,0x0,0x6,0x90,0x0,0x0,0x0,0x0,0x0,0x1,0x0,0x0,0x38,0xed,
0x0,0x0,0x1,0xa0,0x64,0x55,0xc0,0xac,
  // :/browser-icons/new-tab.svg
  0x0,0x0,0x0,0xfe,0x0,0x0,0x0,0x0,0x0,0x1,0x0,0x0,0x7,0x3f,
0x0,0x0,0x1,0xa0,0x64,0x55,0xc0,0xac,
  // :/browser-icons/video.svg
  0x0,0x0,0x3,0xbe,0x0,0x0,0x0,0x0,0x0,0x1,0x0,0x0,0x1e,0x33,
0x0,0x0,0x1,0xa0,0x64,0x55,0xc0,0xac,
  // :/browser-icons/folder.svg
  0x0,0x0,0x4,0x90,0x0,0x0,0x0,0x0,0x0,0x1,0x0,0x0,0x25,0xcf,
0x0,0x0,0x1,0xa0,0x64,0x55,0xc0,0xac,
  // :/browser-icons/audio.svg
  0x0,0x0,0x4,0xaa,0x0,0x0,0x0,0x0,0x0,0x1,0x0,0x0,0x26,0x79,
0x0,0x0,0x1,0xa0,0x64,0x55,0xc0,0xac,
  // :/browser-icons/startup.svg
  0x0,0x0,0x5,0x90,0x0,0x0,0x0,0x0,0x0,0x1,0x0,0x0,0x2f,0x9a,
0x0,0x0,0x1,0xa0,0x64,0x55,0xc0,0xac,
  // :/browser-icons/javascript-slash.svg
  0x0,0x0,0x2,0x26,0x0,0x0,0x0,0x0,0x0,0x1,0x0,0x0,0x12,0x32,
0x0,0x0,0x1,0xa0,0x73,0x5b,0x3c,0x30,
  // :/browser-icons/window.svg
  0x0,0x0,0x3,0x8c,0x0,0x0,0x0,0x0,0x0,0x1,0x0,0x0,0x1c,0x9a,
0x0,0x0,0x1,0xa0,0x64,0x55,0xc0,0xac,
  // :/browser-icons/settings.svg
  0x0,0x0,0x5,0x1c,0x0,0x0,0x0,0x0,0x0,0x1,0x0,0x0,0x2a,0xc3,
0x0,0x0,0x1,0xa0,0x64,0x55,0xc0,0xac,
  // :/browser-icons/location-slash.svg
  0x0,0x0,0x7,0xb0,0x0,0x0,0x0,0x0,0x0,0x1,0x0,0x0,0x41,0xb1,
0x0,0x0,0x1,0xa0,0x73,0x4f,0x98,0x8,
  // :/browser-icons/help.svg
  0x0,0x0,0x4,0x7a,0x0,0x0,0x0,0x0,0x0,0x1,0x0,0x0,0x24,0xdc,
0x0,0x0,0x1,0xa0,0x64,0x55,0xc0,0xac,
  // :/browser-icons/tune.svg
  0x0,0x0,0x1,0x32,0x0,0x0,0x0,0x0,0x0,0x1,0x0,0x0,0x8,0xe4,
0x0,0x0,0x1,0xa0,0x78,0x57,0xab,0x2e,
  // :/browser-icons/content.svg
  0x0,0x0,0x1,0x48,0x0,0x0,0x0,0x0,0x0,0x1,0x0,0x0,0xa,0x29,
0x0,0x0,0x1,0xa0,0x64,0x55,0xc0,0xac,
  // :/browser-icons/camera.svg
  0x0,0x0,0x6,0x40,0x0,0x0,0x0,0x0,0x0,0x1,0x0,0x0,0x35,0x8a,
0x0,0x0,0x1,0xa0,0x73,0x38,0x4d,0xce,
  // :/browser-icons/mouse.svg
  0x0,0x0,0x5,0x78,0x0,0x0,0x0,0x0,0x0,0x1,0x0,0x0,0x2e,0xa0,
0x0,0x0,0x1,0xa0,0x73,0x39,0x64,0xb6,
  // :/browser-icons/site-data.svg
  0x0,0x0,0x2,0x6,0x0,0x0,0x0,0x0,0x0,0x1,0x0,0x0,0x11,0xc,
0x0,0x0,0x1,0xa0,0x73,0x5b,0xf9,0x68,
  // :/browser-icons/clipboard.svg
  0x0,0x0,0x5,0xac,0x0,0x0,0x0,0x0,0x0,0x1,0x0,0x0,0x30,0xeb,
0x0,0x0,0x1,0xa0,0x64,0x55,0xc0,0xac,
  // :/browser-icons/microphone.svg
  0x0,0x0,0x6,0x5a,0x0,0x0,0x0,0x0,0x0,0x1,0x0,0x0,0x36,0xb4,
0x0,0x0,0x1,0xa0,0x73,0x38,0x6a,0x2,
  // :/browser-icons/chevron-down.svg
  0x0,0x0,0x0,0x9e,0x0,0x0,0x0,0x0,0x0,0x1,0x0,0x0,0x4,0x58,
0x0,0x0,0x1,0xa0,0x73,0x39,0x31,0x8,
  // :/browser-icons/chevron-right.svg
  0x0,0x0,0x2,0xec,0x0,0x0,0x0,0x0,0x0,0x1,0x0,0x0,0x18,0x27,
0x0,0x0,0x1,0xa0,0x73,0x39,0x1a,0x1a,
  // :/browser-icons/exit.svg
  0x0,0x0,0x5,0xcc,0x0,0x0,0x0,0x0,0x0,0x1,0x0,0x0,0x31,0xed,
0x0,0x0,0x1,0xa0,0x64,0x55,0xc0,0xac,
  // :/browser-icons/notification-slash.svg
  0x0,0x0,0x0,0x52,0x0,0x0,0x0,0x0,0x0,0x1,0x0,0x0,0x1,0xb6,
0x0,0x0,0x1,0xa0,0x73,0x50,0x4,0xfa,
  // :/browser-icons/maximize.svg
  0x0,0x0,0x4,0xa,0x0,0x0,0x0,0x0,0x0,0x1,0x0,0x0,0x21,0x1d,
0x0,0x0,0x1,0xa0,0x64,0x55,0xc0,0xac,
  // :/browser-icons/minimize.svg
  0x0,0x0,0x1,0xd0,0x0,0x0,0x0,0x0,0x0,0x1,0x0,0x0,0xf,0x3d,
0x0,0x0,0x1,0xa0,0x64,0x55,0xc0,0xac,

};

#ifdef QT_NAMESPACE
#  define QT_RCC_PREPEND_NAMESPACE(name) ::QT_NAMESPACE::name
#  define QT_RCC_MANGLE_NAMESPACE0(x) x
#  define QT_RCC_MANGLE_NAMESPACE1(a, b) a##_##b
#  define QT_RCC_MANGLE_NAMESPACE2(a, b) QT_RCC_MANGLE_NAMESPACE1(a,b)
#  define QT_RCC_MANGLE_NAMESPACE(name) QT_RCC_MANGLE_NAMESPACE2( \
        QT_RCC_MANGLE_NAMESPACE0(name), QT_RCC_MANGLE_NAMESPACE0(QT_NAMESPACE))
#else
#   define QT_RCC_PREPEND_NAMESPACE(name) name
#   define QT_RCC_MANGLE_NAMESPACE(name) name
#endif

#if defined(QT_INLINE_NAMESPACE)
inline namespace QT_NAMESPACE {
#elif defined(QT_NAMESPACE)
namespace QT_NAMESPACE {
#endif

bool qRegisterResourceData(int, const unsigned char *, const unsigned char *, const unsigned char *);
bool qUnregisterResourceData(int, const unsigned char *, const unsigned char *, const unsigned char *);

#ifdef QT_NAMESPACE
}
#endif

int QT_RCC_MANGLE_NAMESPACE(qInitResources_browser_icons)();
int QT_RCC_MANGLE_NAMESPACE(qInitResources_browser_icons)()
{
    int version = 3;
    QT_RCC_PREPEND_NAMESPACE(qRegisterResourceData)
        (version, qt_resource_struct, qt_resource_name, qt_resource_data);
    return 1;
}

int QT_RCC_MANGLE_NAMESPACE(qCleanupResources_browser_icons)();
int QT_RCC_MANGLE_NAMESPACE(qCleanupResources_browser_icons)()
{
    int version = 3;
    QT_RCC_PREPEND_NAMESPACE(qUnregisterResourceData)
       (version, qt_resource_struct, qt_resource_name, qt_resource_data);
    return 1;
}

#ifdef __clang__
#   pragma clang diagnostic push
#   pragma clang diagnostic ignored "-Wexit-time-destructors"
#endif

namespace {
   struct initializer {
       initializer() { QT_RCC_MANGLE_NAMESPACE(qInitResources_browser_icons)(); }
       ~initializer() { QT_RCC_MANGLE_NAMESPACE(qCleanupResources_browser_icons)(); }
   } dummy;
}

#ifdef __clang__
#   pragma clang diagnostic pop
#endif
